Author,OA_Profile,Geographic Trajectory,Years in the US,Years in China,Geographic Trajectory (simplified),Geographic Trajectory (even more simplified),1985,1986,1987,1988,1989,1991,1992,1993,1994,1995,1996,1997,1998,1999,2000,2001,2002,2003,2004,2005,2006,2007,2008,2009,2010,2011,2012,2013,2014,2015,2016,2017,2018,2019,2020,2021,2022,2023,2024,2025,2026
Yao Li,https://openalex.org/A5110237033,United States ---> China ---> United States ---> China ---> United Kingdom,2,17,Multinational Travel ---> United Kingdom,"Started in United States, Ended up in United Kingdom",,,,,,United States,,,,,,,,,,,,,,,China,China,,China,China,China,China,,China,China,United States,China,China,China,China,China,China,China,China,China,United Kingdom
Zhenda Xie,https://openalex.org/A5007043113,China ---> United States ---> China,2,18,Multinational Travel ---> China,Started and Ended in China (with travel in between),,,,,,,,,,,,,,,,,,,,,China,China,China,China,China,China,China,China,United States,United States,China,China,China,China,China,China,China,China,China,China,
Junxiao Song,https://openalex.org/A5008686458,South Korea ---> Hong Kong ---> China,0,1,Multinational Travel ---> China,"Started in South Korea, Ended up in China",,,,,,,,,,,,,,,,,,,,,South Korea,,,,,,,Hong Kong,Hong Kong,Hong Kong,Hong Kong,,,,,,,China,,,
Wenfeng Liang,https://openalex.org/A5009435651,United States ---> China ---> United States ---> China,5,17,Multinational Travel ---> China,"Started in United States, Ended up in China",,,,,,,,United States,United States,United States,United States,,,,,,,,,,,,China,China,China,China,China,China,China,China,United States,China,China,China,China,China,China,China,China,China,
Jiashi Li,https://openalex.org/A5014851555,China ---> Japan ---> China ---> United States ---> China,1,10,Multinational Travel ---> China,Started and Ended in China (with travel in between),,,,,,,,,,,,China,,Japan,Japan,China,,,,,,,,China,United States,,,,,,,,,China,,China,China,China,China,China,China
Kang Guan,https://openalex.org/A5017301651,China,0,22,Affiliated with one country,Started and Ended in China,,,China,,China,,China,,,,,,China,,,,China,,,,,,,,China,China,China,China,China,China,China,China,China,China,China,China,China,China,China,China,China
Yukun Li,https://openalex.org/A5018379530,China,0,6,Affiliated with one country,Started and Ended in China,,,,,,,,,,,,,,,,,,,,,,,,,,,,,,China,,China,China,,,,,China,China,China,
Chong Ruan,https://openalex.org/A5019374810,China,0,2,Affiliated with one country,Started and Ended in China,,,,,,,,,,,,,,,,,,,,,,,,,,,,,,,,,,,,,China,China,,,
Damai Dai,https://openalex.org/A5020456783,China ---> India ---> China,0,6,Multinational Travel ---> China,Started and Ended in China (with travel in between),,,,,,,,,,,,,,,,,,,,,,,,,,,,,,,,,China,China,China,China,India,China,,China,
Runxin Xu,https://openalex.org/A5023594937,United States ---> China ---> United Kingdom ---> China ---> United Kingdom ---> China,1,3,Multinational Travel ---> China,"Started in United States, Ended up in China",,,,,,,,,,,,,,,,,,,,,,,,,,,,,,,,,,,United States,China,United Kingdom,China,United Kingdom,China,
Deli Chen,https://openalex.org/A5028794611,Australia ---> United States ---> Australia ---> China ---> Australia ---> China ---> Australia ---> China ---> Australia ---> China ---> Australia ---> Russia ---> United States ---> China ---> Australia ---> China ---> Australia ---> China,2,12,Multinational Travel ---> China,"Started in Australia, Ended up in China",,,,,Australia,United States,,Australia,,Australia,,China,,,,Australia,Australia,China,Australia,Australia,Australia,Australia,China,China,Australia,China,Australia,Australia,Russia,United States,China,Australia,Australia,Australia,China,China,Australia,China,China,China,China
Zhewen Hao,https://openalex.org/A5039093405,China,0,3,Affiliated with one country,Started and Ended in China,,,,,,,,,,,,,,,,,,,,,,,,,,,,,,,,,,,,China,China,,,China,
Qihao Zhu,https://openalex.org/A5047271595,China ---> United States ---> China,1,9,Multinational Travel ---> China,Started and Ended in China (with travel in between),,,,,,,,China,,,,,,,,,,,,,,,,,,,,,,United States,,,China,China,China,China,China,China,China,China,
Shirong Ma,https://openalex.org/A5057030499,China,0,15,Affiliated with one country,Started and Ended in China,,,,,,,,,,,,,,,,,,,,,China,China,China,China,,China,,China,China,,China,,China,China,,China,China,China,China,China,
Peiyi Wang,https://openalex.org/A5058808692,Russia ---> United States ---> United Kingdom ---> United States ---> United Kingdom ---> China ---> Taiwan ---> China ---> Russia ---> China,2,14,Multinational Travel ---> China,"Started in Russia, Ended up in China",,,,,,,,,,,Russia,United States,,,United Kingdom,United States,,United Kingdom,United Kingdom,,,,United Kingdom,,China,China,Taiwan,China,China,China,China,China,Russia,China,China,China,China,China,China,China,
Daya Guo,https://openalex.org/A5060364305,China ---> United Kingdom ---> China ---> Germany ---> United Kingdom ---> China,0,6,Multinational Travel ---> China,Started and Ended in China (with travel in between),,,,,,,,,,,,,,,,,,,,,,,,,,,,,,,,,China,United Kingdom,China,Germany,United Kingdom,China,China,China,China
Wenjun Gao,https://openalex.org/A5076999126,China ---> Singapore ---> Denmark ---> Hong Kong ---> China,0,15,Multinational Travel ---> China,Started and Ended in China (with travel in between),,,,,,,,,,,,China,,,,,,,,,,China,China,China,China,China,,China,China,China,China,China,China,China,Singapore,Denmark,,Hong Kong,China,China,
Chenggang Zhao,https://openalex.org/A5079470006,China,0,4,Affiliated with one country,Started and Ended in China,,,,,,,,,,,,,,,,,,,,,,,,,,,,,,,,,,China,China,,,,China,China,
Chengqi Deng,https://openalex.org/A5084839131,China,0,2,Affiliated with one country,Started and Ended in China,,,,,,,,,,,,,,,,,,,,,,,,,,,,,,,,,,,,,China,China,,,
Xiao Bi,https://openalex.org/A5091346174,China,0,3,Affiliated with one country,Started and Ended in China,,,,,,,,,,,,,,,,,,China,,,,,,,,,,,,,,China,,,,,,,,China,
Yaohui Wang,https://openalex.org/A5100672230,United States ---> China ---> United States ---> China,2,16,Multinational Travel ---> China,"Started in United States, Ended up in China",,,,,,,United States,,,,,,,,,,,,,,,China,China,China,,China,China,China,,China,China,China,China,China,China,China,United States,China,China,China,
Qiushi Du,https://openalex.org/A5100915390,China,0,8,Affiliated with one country,Started and Ended in China,,,,,,,,,,,,,,,,,,,,,,,,China,China,China,,China,,China,,,,,China,,China,,,China,
Hanwei Xu,https://openalex.org/A5100966558,China,0,9,Affiliated with one country,Started and Ended in China,,,,,,,,,,,,,,,,,,,,,China,,,China,China,China,,China,China,China,,,,,,China,,China,,,
Dejian Yang,https://openalex.org/A5101194950,China ---> Kazakhstan ---> China ---> United Kingdom,0,4,Multinational Travel ---> United Kingdom,"Started in China, Ended up in United Kingdom",,,,,,,,,,,,,,,,,,,,,,,,China,China,Kazakhstan,,,,,,,,,China,,China,United Kingdom,,,
Xin Xie,https://openalex.org/A5101584148,United States ---> China,1,18,Multinational Travel ---> China,"Started in United States, Ended up in China",,,,,,,,,United States,,,,,,,,,,China,,China,China,,,,China,China,China,China,China,China,China,China,China,China,China,China,China,China,China,
Liyue Zhang,https://openalex.org/A5101859634,China ---> United States ---> Canada ---> China,2,12,Multinational Travel ---> China,Started and Ended in China (with travel in between),,,,,,,,,,,,,,,China,,,,,China,United States,United States,,Canada,Canada,Canada,Canada,China,,,,China,China,China,,China,China,China,China,China,China
Kai Dong,https://openalex.org/A5102020713,China ---> Canada ---> China ---> Italy ---> Finland ---> China ---> Finland,0,10,Multinational Travel ---> Finland,"Started in China, Ended up in Finland",,,,,,,,,,,,,,,,,,,,,,,China,,China,,China,China,China,Canada,,China,China,China,,China,Italy,Finland,China,Finland,Finland
Zhihong Shao,https://openalex.org/A5103100933,China ---> United Kingdom ---> United States ---> China,4,13,Multinational Travel ---> China,Started and Ended in China (with travel in between),,,,,,,,China,,,,,,United Kingdom,,United States,,United States,United States,,United States,,China,China,China,,,China,,China,China,China,,China,China,China,China,China,,,
Bingxuan Wang,https://openalex.org/A5114179761,Nepal ---> China,0,2,Multinational Travel ---> China,"Started in Nepal, Ended up in China",,,,,,,,,,,,,,,,,,,,,,,,,,,,,,,,,Nepal,,China,,,,China,,
Shuiping Yu,https://openalex.org/A5000029432,China,0,13,Affiliated with one country,Started and Ended in China,,,,,,,,,,,,,,,,,,,,,,,,,,China,,China,China,China,China,China,China,China,China,,China,China,China,China,
Guowei Li,https://openalex.org/A5001383067,China ---> Taiwan ---> Canada ---> China ---> Canada,0,6,Multinational Travel ---> Canada,"Started in China, Ended up in Canada",,,,,,,,,,,,,,,,,,,,,,,,China,,,China,China,,,China,,China,,,,Taiwan,Taiwan,Canada,China,Canada
Yuheng Zou,https://openalex.org/A5002204845,China,0,5,Affiliated with one country,Started and Ended in China,,,,,,,,,,,,,,,,,,,,,,,,,,,,,,,,China,,,,,China,,China,China,China
Kaige Gao,https://openalex.org/A5002755981,China,0,15,Affiliated with one country,Started and Ended in China,,,,,,,,,,,,,,,,,,,,,,,,,,,China,China,China,China,China,China,China,China,China,China,China,China,China,China,China
Wentao Zhang,https://openalex.org/A5008772211,China ---> New Zealand ---> China ---> Spain ---> China,0,16,Multinational Travel ---> China,Started and Ended in China (with travel in between),,,,,,,,,,,,,,,,China,,,,,,China,,China,,China,China,New Zealand,China,China,,China,China,China,China,China,Spain,China,China,China,China
Yao Zhao,https://openalex.org/A5009318707,China ---> Hong Kong ---> China ---> France ---> China,0,14,Multinational Travel ---> China,Started and Ended in China (with travel in between),,,,,,,,,,,,,,,,,China,,,,China,China,Hong Kong,Hong Kong,Hong Kong,China,France,China,China,,,,China,China,China,China,China,China,China,China,
Aixin Liu,https://openalex.org/A5015078816,China ---> United States ---> China ---> Canada ---> China ---> United States ---> China ---> United States ---> China,3,17,Multinational Travel ---> China,Started and Ended in China (with travel in between),,,,,,,,,,,,China,,,,,,,,China,China,China,,China,China,United States,,China,China,China,Canada,China,United States,China,China,China,China,United States,China,China,China
Zhangli Sha,https://openalex.org/A5020140830,China,0,1,Affiliated with one country,Started and Ended in China,,,,,,,,,,,,,,,,,,,,,,,,,,,,,,,,,,,,,,China,,,
Yiliang Xiong,https://openalex.org/A5028899653,China,0,2,Affiliated with one country,Started and Ended in China,,,,,,,,,,,,,,,,,,,,,,,,,,,,,,,,,,,China,,China,,,,
Ruiqi Ge,https://openalex.org/A5029083198,China ---> Thailand ---> China,0,4,Multinational Travel ---> China,Started and Ended in China (with travel in between),,,,,,,,,,,,,,,,,,,,,,,,,,,,,,,,,,,,China,Thailand,China,China,China,
Shangyan Zhou,https://openalex.org/A5035849215,China ---> Poland,0,2,Multinational Travel ---> Poland,"Started in China, Ended up in Poland",,,,,,,,,,,,,,,,,,,,,,,,,,,,,,,China,,,,,,,,,China,Poland
Shunfeng Zhou,https://openalex.org/A5045996355,China,0,2,Affiliated with one country,Started and Ended in China,,,,,,,,,,,,,,,,,,,,,,,,,,,,,,,China,China,,,,,,,,,
Wangding Zeng,https://openalex.org/A5049532529,China,0,3,Affiliated with one country,Started and Ended in China,,,,,,,,,,,,,,,,,,,,,,,,,,,,,,,,,,,,China,,,China,China,
Junjie Qiu,https://openalex.org/A5052869661,China ---> Switzerland ---> China,0,9,Multinational Travel ---> China,Started and Ended in China (with travel in between),,,,,,,,,,,,,,,,,,,,,,,,,,,,,,,,China,China,China,China,China,China,China,Switzerland,China,China
Panpan Huang,https://openalex.org/A5053679681,United States,1,0,Affiliated with one country,Started and Ended in United States,,,,,,,,,,,,,,,,,,,,,,,,,,,,,,,,United States,,,,,,,,,
Guangbo Hao,https://openalex.org/A5064813063,China ---> United Kingdom ---> Ireland ---> Thailand ---> Ireland,0,1,Multinational Travel ---> Ireland,"Started in China, Ended up in Ireland",,,,,,,,,,,,,,,,,,,,,,,China,United Kingdom,United Kingdom,United Kingdom,Ireland,Ireland,Ireland,Ireland,Ireland,Ireland,Ireland,Ireland,Ireland,Ireland,Ireland,Ireland,Thailand,Ireland,Ireland
Hui Qu,https://openalex.org/A5067552573,China,0,22,Affiliated with one country,Started and Ended in China,,,,,,,,,,,,,,,China,,,,,China,China,China,China,China,China,China,China,China,China,China,China,China,China,China,China,China,China,China,China,China,
Lecong Zhang,https://openalex.org/A5068839714,China,0,2,Affiliated with one country,Started and Ended in China,,,,,,,,,,,,,,,,,,,,,,,,,,,,,,,,,,,,,China,China,,,
Haowei Zhang,https://openalex.org/A5080515807,China,0,8,Affiliated with one country,Started and Ended in China,,,,,,,,,,,,,,,,,,,,,,,,,,,,,,,,China,China,China,China,China,China,China,,China,
Mingchuan Zhang,https://openalex.org/A5087014857,United States ---> China,3,28,Multinational Travel ---> China,"Started in United States, Ended up in China",United States,United States,,United States,,,,,,,,,,China,China,China,China,China,China,China,China,China,China,China,China,China,China,China,China,China,China,China,China,China,China,China,China,China,China,China,China
Wen Liu,https://openalex.org/A5100320278,Taiwan ---> China ---> Singapore ---> China ---> United States ---> China ---> Japan ---> China,2,14,Multinational Travel ---> China,"Started in Taiwan, Ended up in China",,,,,,,,,,,,,,,,,,,,Taiwan,China,Singapore,China,China,China,United States,United States,China,,,Japan,China,China,China,China,China,China,China,China,China,
Xiaodong Liu,https://openalex.org/A5100374771,United States ---> United Kingdom ---> China ---> Japan ---> China ---> Japan ---> China ---> United Kingdom ---> China ---> United States ---> China ---> United States,3,17,Multinational Travel ---> United States,Started and Ended in United States (with travel in between),,,,,,,,,,,,,,United States,United Kingdom,,,,China,China,China,China,China,China,Japan,China,China,Japan,China,China,China,China,China,United Kingdom,China,China,United States,China,China,United States,
Ying He,https://openalex.org/A5100389169,Canada ---> China ---> United States ---> China ---> The Netherlands ---> China ---> United Kingdom ---> China ---> United States ---> China,3,20,Multinational Travel ---> China,"Started in Canada, Ended up in China",,,,,,,,,,,,,Canada,,,China,China,United States,United States,China,China,China,The Netherlands,China,China,United Kingdom,China,United States,China,China,China,China,China,China,China,China,China,China,China,China,
Shiyu Wang,https://openalex.org/A5100437635,China ---> Japan,0,9,Multinational Travel ---> Japan,"Started in China, Ended up in Japan",,,,,,,,,,,,,,,,,,,,,,,,,,,,,,China,,China,China,China,China,China,China,China,China,Japan,
Xingkai Yu,https://openalex.org/A5100608388,China,0,9,Affiliated with one country,Started and Ended in China,,,,,,,,,,,,,,,,,,,,,,,,,,,,,,,,,China,China,China,China,China,China,China,China,China
Yanhong Xu,https://openalex.org/A5100612566,China,0,7,Affiliated with one country,Started and Ended in China,,,,,,,,,,,,,,,,,,China,,,,,,China,China,,,,,,,,,,,,China,China,China,,China
Yichao Zhang,https://openalex.org/A5100625408,China ---> Russia ---> United Kingdom ---> China ---> The Netherlands ---> China,0,19,Multinational Travel ---> China,Started and Ended in China (with travel in between),,,,,,,,,,,,,,,,,,,China,,China,China,China,China,China,China,Russia,United Kingdom,China,China,China,The Netherlands,China,China,China,China,China,China,China,China,China
Minghua Zhang,https://openalex.org/A5100737340,United States ---> China ---> United States ---> China ---> United States ---> China ---> United States,28,3,Multinational Travel ---> United States,Started and Ended in United States (with travel in between),,,,,,United States,,,United States,United States,United States,United States,United States,,,United States,United States,United States,United States,United States,China,United States,United States,United States,United States,United States,China,United States,United States,United States,United States,United States,United States,United States,United States,United States,China,United States,United States,United States,
Ziwei Xie,https://openalex.org/A5101644040,China,0,4,Affiliated with one country,Started and Ended in China,,,,,,,,,,,,,,,,,,,,,,,,,,,,,,,,,,China,China,,China,China,,,
Qinyu Chen,https://openalex.org/A5101682928,China ---> United States ---> China,6,3,Multinational Travel ---> China,Started and Ended in China (with travel in between),,,,,,,,,,,,,,,,,,,,,,,,,,,,,,,China,United States,United States,United States,United States,United States,United States,China,,China,
Yiyuan Liu,https://openalex.org/A5101704539,China ---> United States ---> China,1,8,Multinational Travel ---> China,Started and Ended in China (with travel in between),,,,,,,,,,,,,,,,,,,,,,,,,,,,,China,,,,United States,China,China,China,China,China,China,China,
Minghui Tang,https://openalex.org/A5101876129,United States ---> China ---> United States ---> China ---> Japan ---> United Kingdom ---> China,6,10,Multinational Travel ---> China,"Started in United States, Ended up in China",,,,,,,,,,,,,,,,,,,,United States,,United States,United States,China,United States,United States,United States,China,China,China,China,China,China,,,Japan,United Kingdom,China,China,China,
Guanting Chen,https://openalex.org/A5101983121,Taiwan ---> China ---> Taiwan ---> United States ---> China ---> Taiwan ---> United States ---> China ---> Saudi Arabia,3,3,Multinational Travel ---> Saudi Arabia,"Started in Taiwan, Ended up in Saudi Arabia",,,,,,,,,,,,,,,,,,,Taiwan,Taiwan,Taiwan,,,,,,,China,,Taiwan,,Taiwan,,United States,United States,China,Taiwan,United States,China,Saudi Arabia,
Yaofeng Sun,https://openalex.org/A5102212666,China,0,2,Affiliated with one country,Started and Ended in China,,,,,,,,,,,,,,,,,China,,,,,,,,,,,,,,,,,,,,,,,China,
Zihui Gu,https://openalex.org/A5102691681,China,0,1,Affiliated with one country,Started and Ended in China,,,,,,,,,,,,,,,,,,,,,,,,,,,,,,,,,,,,,,,China,,
Zhe Fu,https://openalex.org/A5103128811,Hong Kong ---> United States ---> China ---> Canada ---> United States ---> Australia ---> China ---> United Kingdom ---> China ---> United States,3,9,Multinational Travel ---> United States,"Started in Hong Kong, Ended up in United States",,,,,,,,,,,,,,,Hong Kong,,,,,,,,United States,,China,Canada,United States,,Australia,China,China,China,,,China,China,United Kingdom,China,China,China,United States
Xuecheng Su,https://openalex.org/A5111734260,China ---> United States,2,10,Multinational Travel ---> United States,"Started in China, Ended up in United States",,,,,,,,,,,,,,,China,,,China,,,China,China,China,China,,,China,China,,China,,China,,,,,United States,United States,,,
Zehui Ren,https://openalex.org/A5112250476,United Kingdom ---> Canada ---> China,0,3,Multinational Travel ---> China,"Started in United Kingdom, Ended up in China",,,,,,,,,,,,,,,,,,,,,,,,,,,,,,,,United Kingdom,,Canada,,,,China,China,China,
Erhang Li,https://openalex.org/A5113091614,United States ---> United Kingdom,1,0,Multinational Travel ---> United Kingdom,"Started in United States, Ended up in United Kingdom",,,,,,,,,,,,,,,,,,,United States,,United Kingdom,,,,,,,,,,,,,,,,,,,,
Xiaotao Nie,https://openalex.org/A5113091615,China ---> Japan,0,3,Multinational Travel ---> Japan,"Started in China, Ended up in Japan",,,,,,,,,,,,,,,,,,,,,,,,,,,China,China,,,,,China,,,Japan,,,,,
Honghui Ding,https://openalex.org/A5113640093,China,0,11,Affiliated with one country,Started and Ended in China,,,,,,,,,,,,,,,,,,,,,,,,China,China,China,,,China,China,China,,,China,,China,China,China,,China,
Xin Liu,https://openalex.org/A5115601909,China,0,1,Affiliated with one country,Started and Ended in China,,,,,,,,,,,,,,,,,,,,,,,,,,,,,,,,,,,,,,,China,,
Fuli Luo,https://openalex.org/A5019525050,China ---> United States ---> China,1,8,Multinational Travel ---> China,Started and Ended in China (with travel in between),,,,,,,,,,,,,,,,,,,,,,,,,,,,,,,,,China,China,United States,China,China,China,China,China,China
Yixuan Wei,https://openalex.org/A5019825958,China,0,2,Affiliated with one country,Started and Ended in China,,,,,,,,,,,,,,,,,,,,,,,,,,,,,,,,,,,China,,China,,,,
Lean Wang,https://openalex.org/A5034611488,China,0,2,Affiliated with one country,Started and Ended in China,,,,,,,,,,,,,,,,,,,,,,,,,,,,,,,,,,,,,,China,,China,
Zhibin Gou,https://openalex.org/A5034928588,China,0,2,Affiliated with one country,Started and Ended in China,,,,,,,,,,,,,,,,,,,,,,,,,,,,,,,,,,,,,China,China,,,
Zilin Li,https://openalex.org/A5044058639,China,0,9,Affiliated with one country,Started and Ended in China,,,,,,,,,,,,,,,,,,,,,,,,,,,,,China,China,China,,China,China,,,,China,China,China,China
Yuduan Wang,https://openalex.org/A5047265939,Singapore,0,0,Affiliated with one country,Started and Ended in Singapore,,,,,,,,,,,,,,,,,,,,,,,,,,,,,,,,,,,,,,,Singapore,Singapore,
Xinyu Yang,https://openalex.org/A5055963260,United States ---> China,2,13,Multinational Travel ---> China,"Started in United States, Ended up in China",,,,,,,,,,,,,,,,,,United States,,United States,,,,,,,China,,,China,China,China,China,China,China,China,China,China,China,China,China
Xiaohan Wang,https://openalex.org/A5056359676,China,0,4,Affiliated with one country,Started and Ended in China,,,,,,,,,,,,,,,,,,,,,,,,,,,,,,,,,,,,,,China,China,China,China
Yixuan Tan,https://openalex.org/A5063984048,China,0,3,Affiliated with one country,Started and Ended in China,,,,,,,,,,,,,,,,,,,,,,,,,,,,,,,,,,,,,China,China,China,,
Ruizhe Pan,https://openalex.org/a5076029614,China,0,3,Affiliated with one country,Started and Ended in China,,,,,,,,,,,,,,,,,,,,,,,,,,,,,,,,China,,,,China,China,,,,
Zhuoshu Li,https://openalex.org/A5086080455,China,0,4,Affiliated with one country,Started and Ended in China,,,,,,,,,,,,,,,,,,,,,,,,,,,China,China,,,,,,,,,,,China,,China
Yongqiang Guo,https://openalex.org/A5100298247,United States ---> China,1,6,Multinational Travel ---> China,"Started in United States, Ended up in China",,,,,,,,,,,,,,,,,United States,,,,,,China,,,,,,,,,,,,China,,China,China,China,,China
Xiaokang Chen,https://openalex.org/A5101412831,China ---> Japan ---> China,0,7,Multinational Travel ---> China,Started and Ended in China (with travel in between),,,,,,,,,,,,,,,,,,,,,,,,,,China,,,,,,,China,,Japan,China,China,China,China,China,
Liang Zhao,https://openalex.org/A5101780128,China,0,23,Affiliated with one country,Started and Ended in China,,,,,,,,,,,,,,China,,,,China,China,,,China,China,China,China,China,China,China,China,China,China,China,China,China,China,China,China,China,China,China,China
Yuxuan Liu,https://openalex.org/A5102651090,China,0,3,Affiliated with one country,Started and Ended in China,,,,,,,,,,,,,,,,,,,,,,,,,,,,,,,,,,,,,,China,China,China,
Jingyang Yuan,https://openalex.org/A5113747152,China ---> United States,1,7,Multinational Travel ---> United States,"Started in China, Ended up in United States",,,,,,,,,,,,,,,,,,,,,China,,,,China,,,,,,,,China,China,,,,China,China,China,United States
Zhizhou Ren,https://openalex.org/a5113969453,China ---> United States ---> China,3,3,Multinational Travel ---> China,Started and Ended in China (with travel in between),,,,,,,,,,,,,,,,,,,,,,,,,,,,,,,,,,China,China,United States,United States,,United States,China,
Zhigang Yan,https://openalex.org/A5001698196,China ---> Japan,0,1,Multinational Travel ---> Japan,"Started in China, Ended up in Japan",,,,,,,,,,,,,,,,,,,,,,,,,,,,,,,,,,,,China,,,,Japan,
Jingchang Chen,https://openalex.org/A5003566311,China ---> Canada ---> China,0,15,Multinational Travel ---> China,Started and Ended in China (with travel in between),,,,,,,,,,,,,,,,,,,China,China,,,China,China,China,,China,China,,China,China,,China,China,,China,China,China,Canada,China,
Qiancheng Wang,https://openalex.org/A5009091910,China ---> United Kingdom ---> China,0,12,Multinational Travel ---> China,Started and Ended in China (with travel in between),,,,,,,,,,,,,,,,,,,,,,,,,,,,China,China,China,China,China,China,China,United Kingdom,China,China,China,China,China,
Yuyang Zhou,https://openalex.org/A5011549126,China,0,4,Affiliated with one country,Started and Ended in China,,,,,,,,,,,,,,,,,,,,,,,,,,,,,,,,,,,,,,China,China,China,China
Yifan Shi,https://openalex.org/A5018598375,China ---> United States ---> China,1,4,Multinational Travel ---> China,Started and Ended in China (with travel in between),,,,,,,,,,,,,,,,,,,,,,,,,,,,,,,,,China,,,,China,,China,United States,China
Kuai Yu,https://openalex.org/A5022036537,China ---> Singapore ---> Netherlands ---> The Netherlands ---> France ---> United States ---> China ---> United States ---> China ---> United States,4,11,Multinational Travel ---> United States,"Started in China, Ended up in United States",,,,,,,,,,,,,,,,,,,,,,China,China,China,,Singapore,Netherlands,The Netherlands,France,United States,China,United States,United States,China,China,China,China,China,China,China,United States
Y. Q. Wang,https://openalex.org/A5022368707,China,0,2,Affiliated with one country,Started and Ended in China,,,,,,,,,,,,,,,,,,,,,,,,,,,,,,China,,China,,,,,,,,,
Runji Wang,https://openalex.org/A5024300524,China,0,3,Affiliated with one country,Started and Ended in China,,,,,,,,,,,,,,,,,,,,,,,,,,,,,,,,,,,China,,China,,,China,
Xingchao Liu,https://openalex.org/A5024864770,China ---> United States ---> China,4,11,Multinational Travel ---> China,Started and Ended in China (with travel in between),,,,,,,,,,,,,,,,,,,,China,,,,,,China,China,,,China,China,China,China,China,China,United States,United States,United States,United States,China,China
Yuan Ou,https://openalex.org/A5028036445,China,0,7,Affiliated with one country,Started and Ended in China,,,,,,,,,,,,,,,,,,,,,,,,,,,,,,China,China,China,China,,,,China,,China,China,
Shengfeng Ye,https://openalex.org/A5030693568,China,0,11,Affiliated with one country,Started and Ended in China,,,,,,,,,,,,,,,,,,,,,China,China,,,,China,China,,China,,,,,,China,China,China,China,China,China,
Ruoyu Zhang,https://openalex.org/A5034697076,United States ---> China,6,4,Multinational Travel ---> China,"Started in United States, Ended up in China",,,,,,,,,,,,,,,,,,,,,,,,,,United States,,,,,United States,United States,United States,United States,United States,China,China,,China,China,
Zhicheng Ma,https://openalex.org/A5045715549,China,0,2,Affiliated with one country,Started and Ended in China,,,,,,,,,,,,,,,,,,,,,,,,,,,,,,,,,,,,,China,,,China,
Yunfan Xiong,https://openalex.org/A5046575444,China,0,2,Affiliated with one country,Started and Ended in China,,,,,,,,,,,,,,,,,,,,,,,,,,,,,,,,,,,China,,China,,,,
Xiaokang Zhang,https://openalex.org/A5048566877,China,0,1,Affiliated with one country,Started and Ended in China,,,,,,,,,,,,,,,,,,,,,,,,,,,,,,,,,,,,,,China,,,
Ruisong Zhang,https://openalex.org/A5048832336,China,0,6,Affiliated with one country,Started and Ended in China,,,,,,,,,,,,,,,,,,,,,,,,,,,,,,,,,China,,,,China,China,China,China,China
Yi Yu,https://openalex.org/A5060198927,Canada ---> China ---> The Netherlands ---> China ---> Taiwan ---> China ---> United States ---> China,3,16,Multinational Travel ---> China,"Started in Canada, Ended up in China",,,,,,Canada,,Canada,,,,,China,,China,,,,,,,The Netherlands,China,Taiwan,,China,China,China,China,China,United States,United States,United States,China,China,China,China,China,China,China,China
Yang Zhang,https://openalex.org/A5065385441,China,0,7,Affiliated with one country,Started and Ended in China,,,,,,,,,,,,,,,,,,,,,,,,China,China,China,,,,,China,,,,China,,,,China,China,
Zhiyu Wu,https://openalex.org/A5071782544,United States ---> China ---> United States ---> China,2,12,Multinational Travel ---> China,"Started in United States, Ended up in China",,,,,,,,,,,,,,,,,,United States,China,,,,United States,China,,,,China,,China,,,China,China,,China,China,China,China,China,China
Ziyi Gao,https://openalex.org/A5075527381,China,0,4,Affiliated with one country,Started and Ended in China,,,,,,,,,,,,,,,,,,,,,,,,,,,,,,,,,,,,,China,China,China,China,
Chengda Lu,https://openalex.org/A5090328003,China ---> Australia ---> China ---> Rwanda ---> China ---> United States,1,6,Multinational Travel ---> United States,"Started in China, Ended up in United States",,,,,,,,,,,,,,,,,,,,,,,,,,,,,,,China,Australia,Australia,Australia,China,Rwanda,China,China,China,China,United States
Yuxiang Luo,https://openalex.org/A5100569167,China,0,4,Affiliated with one country,Started and Ended in China,,,,,,,,,,,,,,,,,,,,,,,,China,,,,,,,,,,,,,,China,China,China,
Xin Cheng,https://openalex.org/A5100692497,China,0,8,Affiliated with one country,Started and Ended in China,,,,,,,,,,,,,,,,,,,,China,,,,,China,,,,,,,China,,,,China,China,China,China,China,
Junlong Li,https://openalex.org/A5100757072,China ---> United Kingdom ---> China ---> United Kingdom ---> China,0,10,Multinational Travel ---> China,Started and Ended in China (with travel in between),,,,,,,,,,,,,,,,,,,,,,China,China,,,,,,,China,,China,,China,United Kingdom,China,China,United Kingdom,China,China,China
Yiyang Ma,https://openalex.org/A5101360646,Thailand ---> China,0,3,Multinational Travel ---> China,"Started in Thailand, Ended up in China",,,,,,,,,,,,,,,,,,,,,,,,,,,,,,,,,,,,,,Thailand,China,China,China
Bing Xue,https://openalex.org/A5101472713,China ---> United States ---> China ---> United States,2,14,Multinational Travel ---> United States,"Started in China, Ended up in United States",,,,,,,,,,,,,,,,,,,,,,China,China,China,China,China,,China,China,United States,China,,China,China,China,China,China,China,,United States,
Yu Wu,https://openalex.org/A5101709477,China ---> United Kingdom ---> China ---> India,0,9,Multinational Travel ---> India,"Started in China, Ended up in India",,,,,,,,,,,,,,,,,,,,,,,China,China,,,China,,,China,China,China,China,China,United Kingdom,United Kingdom,United Kingdom,United Kingdom,China,India,
Tao Yun,https://openalex.org/A5102213433,China ---> United States ---> China ---> Macao ---> China,1,18,Multinational Travel ---> China,Started and Ended in China (with travel in between),,,,,China,,,,,,,,,,,,United States,China,China,,China,China,,China,China,China,China,China,,China,China,,Macao,China,,China,China,China,China,China,
Xuheng Lin,https://openalex.org/A5102457348,China,0,1,Affiliated with one country,Started and Ended in China,,,,,,,,,,,,,,,,,,,,,,,,,,,,,,,,,,China,,,,,,,
Zijia Zhu,https://openalex.org/A5102510461,China,0,8,Affiliated with one country,Started and Ended in China,,,,,,,,,,,,,,,,,,,,,,,,,,,,,,,,,,China,China,China,China,China,China,China,China
Z. F. Wu,https://openalex.org/A5102697103,China,0,5,Affiliated with one country,Started and Ended in China,,,,,,,,,,,,,,,,,,,,,,,,,,China,,China,,,,,,,,,,,China,China,China
Bochao Wu,https://openalex.org/A5103178710,China ---> United States ---> China,1,8,Multinational Travel ---> China,Started and Ended in China (with travel in between),,,,,,,,,,,,,,,,,,,,,,,,,,,,,,,,China,China,China,China,China,China,China,United States,China,
Litong Wang,https://openalex.org/A5103211182,China,0,17,Affiliated with one country,Started and Ended in China,,,,,,,,,,,,,,,,,,,,,,,China,China,China,China,China,China,China,,China,China,China,China,China,China,China,China,China,China,
Zizheng Pan,https://openalex.org/A5104206167,Australia,0,0,Affiliated with one country,Started and Ended in Australia,,,,,,,,,,,,,,,,,,,,,,,,,,,,,,,,,,,Australia,Australia,Australia,Australia,Australia,Australia,
Zhean Xu,https://openalex.org/A5104332671,China,0,8,Affiliated with one country,Started and Ended in China,,,,,,,,,,,,,,,,,,,,,,,,,,,,,,,,China,China,China,,China,China,China,China,China,
Yisong Wang,https://openalex.org/A5104684132,China,0,3,Affiliated with one country,Started and Ended in China,,,,,,,,,,,,,,,,,,,,,,,,,,,,,,,,,,,,,,,China,China,China
H. Zhang,https://openalex.org/A5108346243,China,0,4,Affiliated with one country,Started and Ended in China,,,,,,,,,,,,,,,,,,,,,,,,,,,,,,China,,,,,,China,,,China,,China
Jianzhong Guo,https://openalex.org/A5111161539,China ---> Australia,0,17,Multinational Travel ---> Australia,"Started in China, Ended up in Australia",,,,,,,,,,,,,,,,,,,,China,,China,China,China,China,China,China,,China,,China,China,China,China,China,China,China,China,China,Australia,
Shuting Pan,https://openalex.org/A5113628365,China,0,1,Affiliated with one country,Started and Ended in China,,,,,,,,,,,,,,,,,,,,,,,,,,,,,,China,,,,,,,,,,,
Mingxu Zhou,https://openalex.org/A5032538237,China,0,13,Affiliated with one country,Started and Ended in China,,,,,,,,,,,,,,,,,,,,,,,,,,,China,China,China,China,China,,China,China,China,China,China,China,China,China,
Yue Gong,https://openalex.org/A5065675807,China,0,9,Affiliated with one country,Started and Ended in China,,,,,,,,,,,,,,,,,,,,,,,,,,,,,,,,China,China,China,China,China,China,China,China,China,
Y. Wu,https://openalex.org/A5075693457,China,0,16,Affiliated with one country,Started and Ended in China,,,,,,,,,,,,,,,,,China,,,,,,,,,China,China,China,China,China,China,China,China,China,China,China,China,China,China,China,
Xinyuan Li,https://openalex.org/A5100663165,China ---> Nepal ---> China,0,6,Multinational Travel ---> China,Started and Ended in China (with travel in between),,,,,,,,,,,,,,,,,,,,,,,,,,,,,,,,China,China,China,China,,Nepal,China,,China,
Kexin Huang,https://openalex.org/A5102892551,China,0,13,Affiliated with one country,Started and Ended in China,,,,,,,,,,,,,,,,,,,,,China,,,,China,,China,China,,China,,,,China,China,China,China,China,China,China,China
Yinmin Zhong,https://openalex.org/A5000644890,China,0,3,Affiliated with one country,Started and Ended in China,,,,,,,,,,,,,,,,,,,,,,,,,,,,,,,,,,,,,,China,China,China,
Kexing Zhou,https://openalex.org/A5000718123,China,0,5,Affiliated with one country,Started and Ended in China,,,,,,,,,,,,,,,,,,,,,,,,,,,,,,,,,,,,China,China,China,China,China,
Tian Ye,https://openalex.org/A5001904065,China ---> India ---> China ---> United States ---> South Korea ---> China,1,12,Multinational Travel ---> China,Started and Ended in China (with travel in between),,,,,,,,,,,,,,,,,,,China,,,China,,,,,,India,China,,China,China,United States,South Korea,China,China,China,China,China,China,China
Zongqing Yao,https://openalex.org/A5003259585,China,0,1,Affiliated with one country,Started and Ended in China,,,,,,,,,,,,,,,,,,,,,,,,,,,,,,,,,,,,,,,,China,
Shengyu Liu,https://openalex.org/A5004265996,China,0,5,Affiliated with one country,Started and Ended in China,,,,,,,,,,,,,,,,,,,,,,,,,,,,China,,,,China,China,,,,,,China,China,
Jingyuan Cheng,https://openalex.org/A5007742979,China,0,2,Affiliated with one country,Started and Ended in China,,,,,,,,,,,,,,,,,,,,,,,,,,,,,,,,,China,China,,,,,,,
Shengding Hu,https://openalex.org/A5010557815,China ---> South Korea ---> China,0,5,Multinational Travel ---> China,Started and Ended in China (with travel in between),,,,,,,,,,,,,,,,,,,,,,,,,,,,,,,,,,,China,South Korea,China,China,China,China,
Huanqi Cao,https://openalex.org/A5016089490,United States ---> China,4,7,Multinational Travel ---> China,"Started in United States, Ended up in China",,,,,,,,,,,,United States,United States,,United States,,United States,,,,,,,,,,,,,,,China,,China,China,China,China,China,China,,
Haozhe Ji,https://openalex.org/A5020700222,China,0,6,Affiliated with one country,Started and Ended in China,,,,,,,,,,,,,,,,,,,,China,,,,,,,,,,,,,China,,China,China,China,,China,,
Kezhao Huang,https://openalex.org/A5023674199,China,0,3,Affiliated with one country,Started and Ended in China,,,,,,,,,,,,,,,,,,,,,,,,,,,,,,,,,,,,China,,,China,China,
Ying Zhou,https://openalex.org/A5025286172,United States ---> China ---> United States ---> China ---> United States ---> China,4,14,Multinational Travel ---> China,"Started in United States, Ended up in China",,,,,,,,,,,United States,,,,,,,,,,,,China,,China,China,China,China,China,China,China,China,China,China,China,United States,China,United States,United States,China,
Jun Ran,https://openalex.org/A5029163663,China,0,11,Affiliated with one country,Started and Ended in China,,,,,,,,,,,,,,,,,,,,,,,,,,China,,,,China,China,China,China,,China,China,China,China,China,China,
Jiewen Hu,https://openalex.org/A5030169073,United States,8,0,Affiliated with one country,Started and Ended in United States,,,,,,,,,,,,,,,,,,,,,,,,,,,,,,,,,United States,United States,United States,United States,United States,United States,United States,United States,
Yuanfan Xu,https://openalex.org/A5035964223,China,0,8,Affiliated with one country,Started and Ended in China,,,,,,,,,,,,,,,,,,,,,,,,,,,,,,,,,,China,China,China,China,China,China,China,China
Lingxiao Luo,https://openalex.org/A5036387082,China,0,2,Affiliated with one country,Started and Ended in China,,,,,,,,,,,,,,,,,,,,,,,,,,,,,,,,,,,China,,,China,,,
Xuwei Fu,https://openalex.org/A5040119265,China,0,6,Affiliated with one country,Started and Ended in China,,,,,,,,,,,,,,,,,,,,,,,,,,,,,,,China,China,,,China,China,China,China,,,
Hao Li,https://openalex.org/A5042878459,United States ---> Hong Kong ---> China ---> Singapore,2,2,Multinational Travel ---> Singapore,"Started in United States, Ended up in Singapore",,,,,,,,,,,,,,,,,,,,,,,,,,,,,,,,United States,United States,Hong Kong,,,China,,China,Singapore,
Ziyang Song,https://openalex.org/A5043597604,China,0,3,Affiliated with one country,Started and Ended in China,,,,,,,,,,,,,,,,,,,,,,,,,,,,,,,,,,China,China,,,,,China,
Songyang Zhou,https://openalex.org/A5047145856,United States ---> Canada ---> United States ---> China ---> United States ---> China,18,13,Multinational Travel ---> China,"Started in United States, Ended up in China",,,,,,,,United States,United States,United States,United States,Canada,United States,United States,United States,United States,United States,United States,United States,,United States,United States,United States,United States,United States,United States,China,China,China,China,China,United States,China,China,China,China,China,China,China,China,
Haowen Luo,https://openalex.org/A5049311422,China,0,5,Affiliated with one country,Started and Ended in China,,,,,,,,,,,,,,,,,,,,,,,,,,,,,,,,,,,,China,,China,China,China,China
Wenjie Pang,https://openalex.org/A5049920338,China,0,1,Affiliated with one country,Started and Ended in China,,,,,,,,,,,,,,,,,,,,,,,,,,,,,,,China,,,,,,,,,,
Xi Gao,https://openalex.org/A5050692023,China ---> United States ---> China ---> United States ---> China,3,29,Multinational Travel ---> China,Started and Ended in China (with travel in between),,,,,,,,,,China,China,China,China,China,China,China,China,China,China,China,China,China,China,China,China,China,China,China,China,China,China,China,United States,United States,China,China,China,United States,China,China,China
Xuan Lu,https://openalex.org/A5052404451,The Netherlands ---> China,0,17,Multinational Travel ---> China,"Started in The Netherlands, Ended up in China",,,,,,,,,,,,,,,,,The Netherlands,,,,China,,,,China,China,,China,China,China,China,China,China,China,China,China,China,China,China,China,China
Peixin Cong,https://openalex.org/A5054102678,China,0,5,Affiliated with one country,Started and Ended in China,,,,,,,,,,,,,,,,,,,,,,,,,,,,,,,,,,,,China,China,China,China,China,
Tianyuan Yue,https://openalex.org/A5058110644,China,0,1,Affiliated with one country,Started and Ended in China,,,,,,,,,,,,,,,,,,,,,,,,,,,,,,,,,,,,,China,,,,
Yujia He,https://openalex.org/A5060991733,China ---> Australia ---> China,0,2,Multinational Travel ---> China,Started and Ended in China (with travel in between),,,,,,,,,,,,,,,,,,,,,,,,,,,,,,,,,,,,,China,,Australia,China,
Zian Xu,https://openalex.org/A5067424229,China,0,3,Affiliated with one country,Started and Ended in China,,,,,,,,,,,,,,,,,,,,,,,,,,,,,,,,,,,,,China,China,,China,
Yixiao Chen,https://openalex.org/A5068277084,China ---> United States ---> China,1,3,Multinational Travel ---> China,Started and Ended in China (with travel in between),,,,,,,,,,,,,,,,,,,,,,,,,,,,,,,,,,,,,China,United States,China,China,
Yanru Ma,https://openalex.org/A5070263617,China ---> United States ---> China ---> United Kingdom ---> United States,2,3,Multinational Travel ---> United States,"Started in China, Ended up in United States",,,,,,,,,,,,,,,,,,,,,,,,,,,,,,China,China,United States,,,China,,United Kingdom,,,United States,
S. H. Liu,https://openalex.org/A5072626432,Taiwan,0,0,Affiliated with one country,Started and Ended in Taiwan,,,,,,,,,,,,,,,,,,Taiwan,,,,,,,,,,,,,,,,,,,,,,,
Hongxuan Tang,https://openalex.org/A5072855790,China,0,4,Affiliated with one country,Started and Ended in China,,,,,,,,,,,,,,,,,,,,,,,,,,,,,,,,,,,,,China,China,,China,China
Shaofei Cai,https://openalex.org/A5074233262,China,0,8,Affiliated with one country,Started and Ended in China,,,,,,,,,,,,,,,,,,,,,,,,,,,,,,,,,,China,China,China,China,China,China,China,China
Hui Zeng,https://openalex.org/A5077369376,China,0,23,Affiliated with one country,Started and Ended in China,,,,,,,,,,,,,,,,,,China,China,China,China,,China,China,China,China,China,China,China,China,China,China,China,China,China,China,China,China,China,China,China
Wenqin Yu,https://openalex.org/A5082678890,China,0,2,Affiliated with one country,Started and Ended in China,,,,,,,,,,,,,,,,,,,,,,,,,,,,,,,,,,China,,,,,China,,
Yuhan Wu,https://openalex.org/A5084253746,Taiwan ---> China ---> Taiwan ---> China ---> Taiwan ---> China ---> United Kingdom,0,8,Multinational Travel ---> United Kingdom,"Started in Taiwan, Ended up in United Kingdom",,,,,,,,,,,,,,,,,,,,,,Taiwan,Taiwan,,Taiwan,China,Taiwan,China,China,,Taiwan,Taiwan,,,China,China,China,China,China,United Kingdom,
M. S. Di,https://openalex.org/A5092740563,China,0,3,Affiliated with one country,Started and Ended in China,,,,,,,,,,,,,,,,,,,,,,,,,,,,,,,,,,,,,,China,China,China,
Zihao Wang,https://openalex.org/A5100413085,United States ---> China ---> Hong Kong ---> China ---> Hong Kong ---> United States,2,9,Multinational Travel ---> United States,Started and Ended in United States (with travel in between),,,,,,,,,,,,,,,,,,,,,,,,,,,,,United States,China,China,Hong Kong,China,China,China,China,China,China,China,Hong Kong,United States
Lei Wang,https://openalex.org/A5100435806,China ---> United Kingdom ---> China ---> United States ---> China,1,17,Multinational Travel ---> China,Started and Ended in China (with travel in between),,,,,,,,,,,,,,,,,,,,,China,,China,China,China,China,China,China,China,China,China,China,China,United Kingdom,China,United States,China,China,China,China,
Qingyang Li,https://openalex.org/A5100700135,United States ---> China ---> Canada ---> China ---> Canada,1,3,Multinational Travel ---> Canada,"Started in United States, Ended up in Canada",,,,,,,,,,,,,,,,,,,,,,,,,,,,United States,,,,,,China,China,Canada,Canada,,Canada,China,Canada
Zipeng Zhang,https://openalex.org/A5100722630,China,0,9,Affiliated with one country,Started and Ended in China,,,,,,,,,,,,,,,,,,,,China,,,China,,,,,,,,,,,China,,China,China,China,China,China,China
Zijun Liu,https://openalex.org/A5100725216,China,0,4,Affiliated with one country,Started and Ended in China,,,,,,,,,,,,,,,,,,,,,,,,,,,,,,,,,,China,China,China,,China,,,
Bo Liu,https://openalex.org/A5100727812,China ---> United States ---> China ---> Australia ---> China ---> United States ---> China ---> United States ---> China,3,15,Multinational Travel ---> China,Started and Ended in China (with travel in between),,,,,,,,,,,,,,,,,China,,United States,China,,China,,China,Australia,China,,China,China,China,China,China,United States,,China,China,United States,China,China,China,
Chen Dong,https://openalex.org/A5100767305,United States ---> China ---> United States ---> China ---> United States,12,15,Multinational Travel ---> United States,Started and Ended in United States (with travel in between),,,,,,,,,,,,,United States,,United States,United States,United States,United States,United States,United States,China,United States,United States,United States,United States,China,China,China,China,China,China,China,China,China,China,China,China,China,China,United States,
Chenhao Xu,https://openalex.org/A5101012867,China,0,3,Affiliated with one country,Started and Ended in China,,,,,,,,,,,,,,,,,,,,,,,,,,,,,,,China,,,,,,,,,China,China
Yongtong Wu,https://openalex.org/A5101238210,China,0,1,Affiliated with one country,Started and Ended in China,,,,,,,,,,,,,,,,,,,,,,,,,,,,,,,,,,,,,,China,,,
Jiaxin Xu,https://openalex.org/A5101299439,China,0,3,Affiliated with one country,Started and Ended in China,,,,,,,,,,,,,,,,,,,,,,,,,,,,,,,,,,,,,,China,China,China,
Shiqiang Hu,https://openalex.org/A5101413296,China,0,3,Affiliated with one country,Started and Ended in China,,,,,,,,,,,,,,,,,,,,,,,,,,,,,,,,China,,,,,China,,,,China
Zehua Zhao,https://openalex.org/A5101521680,China ---> Australia ---> China,0,6,Multinational Travel ---> China,Started and Ended in China (with travel in between),,,,,,,,,,,,,,,,,,,,,,,,,,,,,,,,China,China,,China,China,China,,Australia,China,
Kai Hu,https://openalex.org/A5101710153,Canada ---> China,0,7,Multinational Travel ---> China,"Started in Canada, Ended up in China",,,,,,,,,,,,,,,,,,,,,,Canada,,,Canada,,Canada,,,,China,China,,,,,China,China,China,China,China
Xu Chen,https://openalex.org/A5101779008,China ---> Czechia ---> United States ---> China,1,10,Multinational Travel ---> China,Started and Ended in China (with travel in between),,,,,,,,,,,,,,,,,,,,,,,,China,China,,,China,China,,Czechia,,,United States,China,China,China,China,China,China,
Yifan Ding,https://openalex.org/A5101822672,United States ---> Germany ---> United States,4,0,Multinational Travel ---> United States,Started and Ended in United States (with travel in between),,,,,,,,,,,,,,,,,,,,,,,,,,,,,,,,,,United States,United States,United States,Germany,,,United States,
Junguang Jiang,https://openalex.org/A5101828204,China,0,2,Affiliated with one country,Started and Ended in China,,,,,,,,,,,,,,,,,,,,,,,,,,,,,,,,,,China,,,China,,,,
Lihua Guo,https://openalex.org/A5101908065,China,0,6,Affiliated with one country,Started and Ended in China,,,,,,,,,,,,,,,,,,,,,,,,,,,China,,,,,,,,,China,China,China,China,China,
M. Y. Xu,https://openalex.org/A5101910351,China,0,6,Affiliated with one country,Started and Ended in China,,,,,,,,,,,,,,,,,,,,,,,,,,,,,,China,China,,China,,,,,China,China,China,
Wenjing Luo,https://openalex.org/A5102068638,United States ---> China,1,5,Multinational Travel ---> China,"Started in United States, Ended up in China",,,,,,,,,,,,,,,,,,,,,,,,,,,,,,,,,United States,China,,China,China,,China,China,
Jinhua Zhu,https://openalex.org/A5102224739,China,0,1,Affiliated with one country,Started and Ended in China,,,,,,,,,,,,,,,,,China,,,,,,,,,,,,,,,,,,,,,,,,
Shaoyuan Chen,https://openalex.org/A5102307049,China,0,8,Affiliated with one country,Started and Ended in China,,,,,,,,,,,,,,,,,,,,,China,,,,,,,,China,China,,,China,,China,,,China,China,China,
Xiangwen Wang,https://openalex.org/A5103138406,China ---> United States ---> China ---> United States ---> China,3,17,Multinational Travel ---> China,Started and Ended in China (with travel in between),,,,,,,,,,,,,,,,,,,,China,,China,China,China,,United States,United States,China,China,China,China,United States,China,China,China,China,China,China,China,China,China
Jialiang Huang,https://openalex.org/A5103278071,China ---> United Kingdom ---> China,0,7,Multinational Travel ---> China,Started and Ended in China (with travel in between),,,,,,,,,,,,,,,,,,,,China,,,,,,,,,,,,,China,China,China,United Kingdom,China,China,China,,
Yuan Cheng,https://openalex.org/A5103907115,China ---> Taiwan,0,1,Multinational Travel ---> Taiwan,"Started in China, Ended up in Taiwan",,,,,,,,,,,,,,,,,,,,,,,,,,,,China,,,,,,,,Taiwan,,,,,
Ruiling Xu,https://openalex.org/A5107918038,United States,5,0,Affiliated with one country,Started and Ended in United States,,,,,,,,,,,,,,,,,,,,,,,,,,,,,,,,,,,,United States,United States,,United States,United States,United States
Bingzheng Xu,https://openalex.org/A5109505733,China,0,5,Affiliated with one country,Started and Ended in China,,,,,,China,,,,,,,,,,,China,,,,,,,,,,,,,,,,China,,,China,,,China,,
Zhuping Zhang,https://openalex.org/A5109662866,China,0,11,Affiliated with one country,Started and Ended in China,,,,,,,,,China,,,,,,,,,,,,,,,,,,,,,,,China,China,China,China,China,China,China,China,China,China
Chaofan Lin,https://openalex.org/A5109678287,China,0,3,Affiliated with one country,Started and Ended in China,,,,,,,,,,,,,,,,,,,,,,,,,,,,,,,,,,,,,,China,China,China,
Yongji Wang,https://openalex.org/A5110372162,China ---> Netherlands ---> China ---> South Korea,0,20,Multinational Travel ---> South Korea,"Started in China, Ended up in South Korea",,,,,,,,,,,,,China,,,,,,China,China,China,China,China,China,China,China,China,China,Netherlands,China,,China,China,China,China,China,China,China,China,South Korea,
Tao Ni,https://openalex.org/A5110445732,China,0,10,Affiliated with one country,Started and Ended in China,,,,,,,,,,,,,,,,,,,,,,,,,China,China,,China,,,China,,China,,China,China,China,China,,China,
Xingyou Li,https://openalex.org/A5110532585,China,0,8,Affiliated with one country,Started and Ended in China,,,,,,,,,,,,,,,,,,,,,,,,,,,,,,,,China,,China,China,China,China,China,China,China,
Huajian Xin,https://openalex.org/A5111038333,China,0,1,Affiliated with one country,Started and Ended in China,,,,,,,,,,,,,,,,,,,,,,,,,,,,,,,,,,,,,,,China,,
Zhixian Huang,https://openalex.org/A5111603195,China ---> Taiwan ---> China,0,2,Multinational Travel ---> China,Started and Ended in China (with travel in between),,,,,,,China,,,,,Taiwan,,,,,,,,,,,,,,,,,,,,,,,,,,,China,,
Yi Qian,https://openalex.org/A5111815579,China,0,3,Affiliated with one country,Started and Ended in China,,,,,,,,,,,,,,,,,,,,,,,,,,China,,,,,China,,,,,,,China,,,
Haofen Liang,https://openalex.org/A5113319915,China,0,2,Affiliated with one country,Started and Ended in China,,,,,,,,,,,,,,,,,,,,,,,,,,,,,,,,,,,,,,,China,,China
Haoran Wei,https://openalex.org/A5114246441,China,0,2,Affiliated with one country,Started and Ended in China,,,,,,,,,,,,,,,,,,,,,,,,,,,,,,,,,,,,,,,China,China,
Jiawei Wang,https://openalex.org/A5001098396,China,0,7,Affiliated with one country,Started and Ended in China,,,,,,,,,,,,,,,,,,,,,,,,,,,,,,,,,China,,China,China,China,China,China,China,
W. L. Xiao,https://openalex.org/A5001162491,China,0,16,Affiliated with one country,Started and Ended in China,,,,,,,,,,,,,,,,,,,,,,,China,China,China,China,China,China,China,China,China,China,,China,,China,China,China,China,China,
Xuehai Pan,https://openalex.org/A5001682354,China,0,5,Affiliated with one country,Started and Ended in China,,,,,,,,,,,,,,,,,,,,,,,,,,China,China,China,,,,,,,,,China,,,China,
Fangqi Zhou,https://openalex.org/A5002273360,China,0,2,Affiliated with one country,Started and Ended in China,,,,,,,,,,,,,,,,,,,,,,,,,,,,,,,,,,,,,China,China,,,
Xianzu Wang,https://openalex.org/A5002303194,China,0,1,Affiliated with one country,Started and Ended in China,,,,,,,,,,,,,,,,,,,,,,,,,,,,,,,,,,,,,,,China,,
Aoxue Mei,https://openalex.org/A5005251905,China,0,3,Affiliated with one country,Started and Ended in China,,,,,,,,,,,,,,,,,,,,,,,,,,,,,,,,,,China,,,,,,China,China
Yukun Zha,https://openalex.org/A5006037200,China,0,1,Affiliated with one country,Started and Ended in China,,,,,,,,,,,,,,,,,,,,,,,,,,,,,,,,,,,,,,,,China,
X. Q. Li,https://openalex.org/A5006875159,China,0,5,Affiliated with one country,Started and Ended in China,,,,,,,,,,,,,,,,,,,,,,,,,China,China,China,,,,,,,,,,,,China,China,
Tianyu Sun,https://openalex.org/A5015475948,China,0,2,Affiliated with one country,Started and Ended in China,,,,,,,,,,,,,,,,,,,,,,,,,,,,,,,,,,,,,,,China,China,
Kaichao You,https://openalex.org/A5016284649,China,0,6,Affiliated with one country,Started and Ended in China,,,,,,,,,,,,,,,,,,,,,,,,,,,,,,,,,,China,China,China,China,China,China,,
S. S. Li,https://openalex.org/A5016620334,China,0,2,Affiliated with one country,Started and Ended in China,,,,,,,,,,,,,,,,,,,,,,,,,,,,,,,,,,,,,,,,China,China
Bei Feng,https://openalex.org/A5016665033,China,0,2,Affiliated with one country,Started and Ended in China,,,,,,,,,,,,,,,,,,,,,,,,,,,,,,,China,,,,,,,,,China,
Yuting Yan,https://openalex.org/A5019540330,China,0,4,Affiliated with one country,Started and Ended in China,,,,,China,,,,,,,,,,,,,,,,,,,,,,,,,,,,,,,China,,,,China,China
Jiaqi Ni,https://openalex.org/A5019579257,The Netherlands ---> China,0,1,Multinational Travel ---> China,"Started in The Netherlands, Ended up in China",,,,,,,,,,,,,,,,,,,,,,,,,,,,,,,,,,,The Netherlands,China,,,,,
Lei Xu,https://openalex.org/A5020790434,China ---> United States ---> China ---> United States ---> China ---> United Kingdom ---> China ---> Brunei ---> China,5,14,Multinational Travel ---> China,Started and Ended in China (with travel in between),,,,,,,,,,,,,,,,China,,,United States,,China,China,China,China,United States,United States,United States,United States,,China,China,China,China,China,United Kingdom,China,China,China,Brunei,China,
Wei An,https://openalex.org/A5021639941,China ---> United States ---> China ---> Poland ---> China ---> United States ---> Poland ---> China,2,21,Multinational Travel ---> China,Started and Ended in China (with travel in between),,,,,,,,China,,,,,,China,,China,China,,United States,,China,China,China,China,China,China,China,Poland,Poland,China,China,China,China,China,China,United States,Poland,China,China,China,China
Han Bao,https://openalex.org/A5021682810,China,0,7,Affiliated with one country,Started and Ended in China,,,,,,,,,,,,,,,,,,,,,,,,,,,,,,China,,,,,China,China,China,China,China,China,
Zhipeng Xu,https://openalex.org/A5024958662,China,0,5,Affiliated with one country,Started and Ended in China,,,,,,,,,,,,,,,,,,,,,,,,,,,,,,,,,,China,,China,,,China,China,China
Miaojun Wang,https://openalex.org/A5026325208,United States ---> China ---> United States ---> China,3,7,Multinational Travel ---> China,"Started in United States, Ended up in China",,,,,,,,,,,,,,,,,,,United States,United States,,,,,China,,,,,China,China,China,,,,,United States,China,China,China,
Yuchen Zhu,https://openalex.org/A5033494277,China,0,6,Affiliated with one country,Started and Ended in China,,,,,,,,,,,,,,,,,,,,,,,,,,,,,,,,,,China,,,China,China,China,China,China
Haocheng Wang,https://openalex.org/A5034335736,China,0,7,Affiliated with one country,Started and Ended in China,,,,,,,,,,,,,,,,,,,,,,,,,,,,,,,,,,China,China,China,China,China,China,China,
Xiaosha Chen,https://openalex.org/A5036491343,China,0,8,Affiliated with one country,Started and Ended in China,,,,,,,,,,,,,,,,,,,,,,,,,,,,,,,,,China,China,China,China,,China,China,China,China
Ruyi Chen,https://openalex.org/A5036645286,China,0,2,Affiliated with one country,Started and Ended in China,,,,,,,,,,,,,,,,,,,,,,,,,,,,,,,,,,,China,,,,,China,
Jingxiang Sun,https://openalex.org/A5040066835,China,0,1,Affiliated with one country,Started and Ended in China,,,,,,,,,,,,,,,,,,,,,,,,,,,,,,,,,,,,,China,,,,
Dongjie Ji,https://openalex.org/A5043755032,China,0,2,Affiliated with one country,Started and Ended in China,,,,,,,,,,,,,,,,,,,,,,,,China,,,,,,,,,,,,,,,,,China
T. Wang,https://openalex.org/A5046543349,China ---> United States ---> China ---> United States ---> China ---> United States ---> China,5,22,Multinational Travel ---> China,Started and Ended in China (with travel in between),,,,,,,,China,,,,,United States,,,China,,United States,United States,United States,China,China,China,China,China,China,China,China,United States,China,China,China,China,China,China,China,China,China,China,China,China
Ning Tian,https://openalex.org/A5053537379,China ---> Bulgaria ---> China,0,4,Multinational Travel ---> China,Started and Ended in China (with travel in between),,,,,,,,,,,,,,,,,,,,,,,,,,,,,,,,,,,,,China,China,Bulgaria,China,China
Tongzheng Ren,https://openalex.org/A5055015446,China ---> United States,5,2,Multinational Travel ---> United States,"Started in China, Ended up in United States",,,,,,,,,,,,,,,,,,,,,,,,,,,,,,,,,China,China,United States,United States,United States,United States,,United States,
Jiping Yu,https://openalex.org/A5055665761,China,0,6,Affiliated with one country,Started and Ended in China,,,,,,,,,,,,,,,,,,,,,,,,,,,,,,,,,China,China,,China,,,China,China,China
Xinxia Shan,https://openalex.org/A5059343948,China,0,7,Affiliated with one country,Started and Ended in China,,,,,,,,,,,,,,,,,,,,,,,,,,,,,,,,,China,China,,China,China,China,China,China,
Ying Tang,https://openalex.org/A5068378063,China ---> United States ---> China ---> United States ---> China,4,19,Multinational Travel ---> China,Started and Ended in China (with travel in between),,,,,,,,,,,,,,,,,China,United States,United States,,China,United States,United States,China,China,China,China,China,China,China,China,China,China,China,China,China,China,China,China,China,
Y. X. Zhu,https://openalex.org/A5068383472,China,0,5,Affiliated with one country,Started and Ended in China,,,,,,,,,,,,,,,,,China,,,,,,,,,,,,,China,,,China,,,,,,China,China,
Size Zheng,https://openalex.org/a5072186367,China,0,8,Affiliated with one country,Started and Ended in China,,,,,,,,,,,,,,,,,,,,,,,,,,,,,,,,,,China,China,China,China,China,China,China,China
Liangsheng Yin,https://openalex.org/A5074614946,China,0,2,Affiliated with one country,Started and Ended in China,,,,,,,,,,,,,,,,,,,,,,,,,,,,,,,China,,,China,,,,,,,
J. L. Cai,https://openalex.org/A5075973287,China ---> Germany ---> China,0,20,Multinational Travel ---> China,Started and Ended in China (with travel in between),,,,,,,,,,,,,,,,,,,,China,,China,China,China,China,China,China,China,China,China,China,China,China,China,China,China,China,China,Germany,China,China
Yaohui Li,https://openalex.org/A5082760644,China,0,3,Affiliated with one country,Started and Ended in China,,,,,,,,,,,,,,,,,,,,,,,,,,,,,,,,,,,,,,,China,China,China
Jinhao Tu,https://openalex.org/A5089007420,China ---> United States ---> China ---> United States ---> China,4,13,Multinational Travel ---> China,Started and Ended in China (with travel in between),,,,,,,,,,,,,,,,,,,China,,,,,China,China,China,China,,United States,,United States,United States,China,United States,China,China,China,China,China,China,China
Xinnan Song,https://openalex.org/A5090535931,China,0,3,Affiliated with one country,Started and Ended in China,,,,,,,,,,,,,,,,,,,,,China,,,,,,,,,,,,,,China,,,,,China,
B. Zhang,https://openalex.org/A5100335386,China ---> Sweden ---> United States ---> China ---> United States ---> China ---> United States ---> China,5,13,Multinational Travel ---> China,Started and Ended in China (with travel in between),,,,,,,,,,,,,,,,China,China,Sweden,Sweden,,United States,China,United States,United States,China,United States,United States,,,China,,,China,China,China,China,China,China,China,China,
Mingming Li,https://openalex.org/A5100338776,China,0,10,Affiliated with one country,Started and Ended in China,,,,,,,,,,,,,,,,,,,,,,,,,,,,China,China,China,,,China,China,,,China,China,China,China,China
Yi Zheng,https://openalex.org/A5100342733,China ---> France ---> Hong Kong ---> China ---> Hong Kong,0,9,Multinational Travel ---> Hong Kong,"Started in China, Ended up in Hong Kong",,,,,,,,,,,,,,,,,,,,,,,China,China,,China,China,China,,,,France,,Hong Kong,,China,China,China,China,Hong Kong,
Peng Zhang,https://openalex.org/A5100364050,Taiwan ---> China ---> Hong Kong ---> China ---> Australia ---> China,0,20,Multinational Travel ---> China,"Started in Taiwan, Ended up in China",,,,,,,,,,,,,,,,,Taiwan,Taiwan,China,Hong Kong,China,China,China,China,China,Australia,China,China,China,China,China,China,China,China,China,China,China,China,China,China,
Chenyu Zhang,https://openalex.org/A5100377485,China,0,8,Affiliated with one country,Started and Ended in China,,,,,,,,,,,,,,,,,,,,,,,,,,,,,China,,China,,,,China,China,,China,China,China,China
Zihan Wang,https://openalex.org/a5100380111,China,0,12,Affiliated with one country,Started and Ended in China,,,,,,,,,,,,,,,,,,,,,,,,,,,,China,,,China,China,China,China,China,China,China,China,China,China,China
Hui Li,https://openalex.org/A5100637295,China ---> United States ---> China ---> Brazil ---> China,1,20,Multinational Travel ---> China,Started and Ended in China (with travel in between),,,,,,,,,,,,,,,,China,,China,,China,,China,China,China,China,China,China,United States,China,China,China,China,China,Brazil,China,China,China,China,China,China,
Xiaoxiang Wang,https://openalex.org/A5100679200,Japan ---> China ---> United States ---> China,1,18,Multinational Travel ---> China,"Started in Japan, Ended up in China",,,,,,,,,,,,,,Japan,,,,,,China,,China,China,China,China,China,China,China,,China,China,United States,China,China,China,China,China,China,China,China,
Jin Chen,https://openalex.org/A5100689175,China ---> United States ---> China,1,21,Multinational Travel ---> China,Started and Ended in China (with travel in between),,,,,,,,,,,,,,,China,,,China,,,,China,China,China,China,China,China,United States,China,China,China,China,China,China,China,China,China,China,China,China,China
Shuang Zhou,https://openalex.org/A5101508494,China,0,5,Affiliated with one country,Started and Ended in China,,,,,,,,,,,,,,,,,,,,,,,,,,,,,,China,,China,China,China,,,,,,China,
Wenjie Hu,https://openalex.org/A5101521918,China ---> United Kingdom ---> China ---> Tunisia ---> China ---> United States ---> China ---> United States,2,13,Multinational Travel ---> United States,"Started in China, Ended up in United States",,,,,,,,,,,,,,,,,China,,,,,,United Kingdom,China,China,,China,Tunisia,,China,China,China,China,United States,China,China,China,China,China,United States,
Shaoqing Wu,https://openalex.org/A5101533376,Taiwan ---> China ---> United States ---> China,1,13,Multinational Travel ---> China,"Started in Taiwan, Ended up in China",,,,,,,,,,,,Taiwan,,,,,,,China,,China,,,,,China,,,China,China,China,United States,China,China,China,,China,China,China,China,
Zhen Huang,https://openalex.org/A5101653729,China,0,17,Affiliated with one country,Started and Ended in China,,,,,,,,,,,,,,,,,,,,,China,,,,China,China,China,China,China,China,China,China,China,China,China,China,China,China,China,China,
Yanping Huang,https://openalex.org/A5101749154,China ---> Poland,0,7,Multinational Travel ---> Poland,"Started in China, Ended up in Poland",,,,,,,,,,,,,,China,,,,,,,,,,,,,,,,,,,China,China,China,China,China,China,Poland,Poland,
Meng Li,https://openalex.org/A5101815738,China ---> United States ---> China ---> United States ---> China,2,17,Multinational Travel ---> China,Started and Ended in China (with travel in between),,,,,,,,,,,,,,,,,,,,,,China,China,China,,China,China,China,China,China,United States,China,China,China,China,United States,China,China,China,China,China
Yilong Zhao,https://openalex.org/a5101870121,United States ---> China,1,7,Multinational Travel ---> China,"Started in United States, Ended up in China",,,,,,,,,,,,,,,,,,,,,,,,,,,,United States,,,,,,China,China,China,China,China,China,China,
Hao Yang,https://openalex.org/a5101895792,China,0,4,Affiliated with one country,Started and Ended in China,,,,,,,,,,,,,,,,,,,,,,,,,,,,,,,,China,,,,,,China,China,China,
Tong Wu,https://openalex.org/A5101994749,China,0,19,Affiliated with one country,Started and Ended in China,,,,,,,,,,,,,,,,,,,,,China,,China,China,China,China,China,China,China,China,China,China,China,China,China,China,China,China,China,China,
Xiaowen Sun,https://openalex.org/A5104180229,China,0,3,Affiliated with one country,Started and Ended in China,,,,,,,,,,,,,,,,,,,,,,,,,,,,,,,,,,,,,,,China,China,China
Yunxian Ma,https://openalex.org/A5107930819,United States ---> Russia ---> Japan ---> Australia ---> United Kingdom ---> Australia ---> Germany ---> China ---> United Kingdom ---> United States ---> China,4,3,Multinational Travel ---> China,"Started in United States, Ended up in China",,,,,,,,,,,,,,,,,,,,,,,,,United States,United States,Russia,Japan,,,Australia,United Kingdom,Australia,Australia,Germany,China,China,United Kingdom,United States,United States,China
Leyi Xia,https://openalex.org/A5107939686,Australia ---> China ---> United Kingdom ---> China,0,2,Multinational Travel ---> China,"Started in Australia, Ended up in China",,,,,,,,,,,,,,,,,,,,,,,,,,,,,,,,Australia,Australia,,China,United Kingdom,,,China,,
R. L. Jin,https://openalex.org/A5109083484,United States ---> South Korea ---> China ---> Israel ---> China,1,5,Multinational Travel ---> China,"Started in United States, Ended up in China",,,,,,,,,United States,,,,,,,,,,,,South Korea,,,,,,,China,,,,China,,China,,,,Israel,,China,China
Haoyu Lu,https://openalex.org/A5110986785,China,0,4,Affiliated with one country,Started and Ended in China,,,,,,,,,,,,,,,,,,,,,,,,,,,,,,,China,,,,,,,China,China,China,
Xiaojin Shen,https://openalex.org/A5111323358,China,0,1,Affiliated with one country,Started and Ended in China,,,,,,,,,,,,,,,,,,,,,,,,,,,,,,,,,,,China,,,,,,
Jian Liang,https://openalex.org/A5112183358,China ---> Singapore ---> China ---> Taiwan,0,3,Multinational Travel ---> Taiwan,"Started in China, Ended up in Taiwan",,,,,,,,,,,,,,,,,,,,,,,,China,China,,Singapore,,,,,,,,,,,,China,Taiwan,
R. J. Chen,https://openalex.org/A5112374713,China,0,2,Affiliated with one country,Started and Ended in China,,,,,,,,,,,,,,,,,,,,,,,,,,,,,,,,,China,,,,,,,China,
Wanjia Zhao,https://openalex.org/A5112946948,China ---> United States,1,2,Multinational Travel ---> United States,"Started in China, Ended up in United States",,,,,,,,,,,,,,,,,,,,,,,,,,,,,,,,China,,,,,,China,,United States,
Zhongyu Zhang,https://openalex.org/A5115604997,China ---> United States ---> China,1,9,Multinational Travel ---> China,Started and Ended in China (with travel in between),,,,,,,,,,,,,,China,China,,,,,,,,,China,,,,China,United States,,China,China,,,China,,,,China,China,
Zhen Zhang,https://openalex.org/A5118092868,United States ---> China ---> United States ---> China,4,8,Multinational Travel ---> China,"Started in United States, Ended up in China",,,,,,,,,,,,,,,,,,,,,,United States,,,United States,,China,China,,United States,United States,China,,,,China,China,China,China,China,
