Author,No. Papers,Notes,OA_Profile,OA_ID,Papers
Yao Li,6,,https://openalex.org/A5110237033,A5110237033,"1, 2, 4, 5, 6, 7"
Zhenda Xie,7,,https://openalex.org/A5007043113,A5007043113,"1, 2, 3, 4, 5, 6, 7"
Junxiao Song,7,,https://openalex.org/A5008686458,A5008686458,"1, 2, 3, 4, 5, 6, 7"
Wenfeng Liang,7,,https://openalex.org/A5009435651,A5009435651,"1, 2, 3, 4, 5, 6, 7"
Jiashi Li,7,,https://openalex.org/A5014851555,A5014851555,"1, 2, 3, 4, 5, 6, 7"
Kang Guan,7,,https://openalex.org/A5017301651,A5017301651,"1, 2, 3, 4, 5, 6, 7"
Yukun Li,7,,https://openalex.org/A5018379530,A5018379530,"1, 2, 3, 4, 5, 6, 7"
Chong Ruan,7,,https://openalex.org/A5019374810,A5019374810,"1, 2, 3, 4, 5, 6, 7"
Damai Dai,7,,https://openalex.org/A5020456783,A5020456783,"1, 2, 4, 5, 6, 7, 3"
Runxin Xu,7,,https://openalex.org/A5023594937,A5023594937,"1, 2, 3, 4, 5, 6, 7"
Deli Chen,7,,https://openalex.org/A5028794611,A5028794611,"1, 2, 3, 4, 5, 6, 7"
Zhewen Hao,7,,https://openalex.org/A5039093405,A5039093405,"1, 2, 3, 4, 5, 6, 7"
Qihao Zhu,7,,https://openalex.org/A5047271595,A5047271595,"1, 2, 3, 4, 5, 6, 7"
Shirong Ma,7,,https://openalex.org/A5057030499,A5057030499,"1, 2, 3, 4, 5, 6, 7"
Peiyi Wang,7,,https://openalex.org/A5058808692,A5058808692,"1, 2, 3, 4, 5, 6, 7"
Daya Guo,7,,https://openalex.org/A5060364305,A5060364305,"1, 2, 3, 4, 5, 6, 7"
Wenjun Gao,7,,https://openalex.org/A5076999126,A5076999126,"1, 2, 3, 4, 5, 6, 7"
Chenggang Zhao,7,,https://openalex.org/A5079470006,A5079470006,"1, 2, 4, 5, 6, 7, 3"
Chengqi Deng,7,,https://openalex.org/A5084839131,A5084839131,"1, 2, 3, 4, 5, 6, 7"
Xiao Bi,7,,https://openalex.org/A5091346174,A5091346174,"1, 2, 3, 4, 5, 6, 7"
Yaohui Wang,7,,https://openalex.org/A5100672230,A5100672230,"1, 2, 3, 4, 5, 6, 7"
Qiushi Du,7,,https://openalex.org/A5100915390,A5100915390,"1, 2, 3, 4, 5, 6, 7"
Hanwei Xu,7,,https://openalex.org/A5100966558,A5100966558,"1, 2, 3, 4, 5, 6, 7"
Dejian Yang,7,,https://openalex.org/A5101194950,A5101194950,"1, 2, 3, 4, 5, 6, 7"
Yishi Piao,7,,https://openalex.org/A5101289777,A5101289777,"1, 2, 3, 4, 5, 6, 7"
Yuxiang You,7,,https://openalex.org/A5101289778,A5101289778,"1, 2, 3, 4, 5, 6, 7"
Xin Xie,7,,https://openalex.org/A5101584148,A5101584148,"1, 2, 3, 4, 5, 6, 7"
Liyue Zhang,7,,https://openalex.org/A5101859634,A5101859634,"1, 2, 3, 4, 5, 6, 7"
Kai Dong,7,,https://openalex.org/A5102020713,A5102020713,"1, 2, 3, 4, 5, 6, 7"
Huazuo Gao,7,,https://openalex.org/A5102602497,A5102602497,"1, 2, 3, 4, 5, 6, 7"
Zhihong Shao,7,,https://openalex.org/A5103100933,A5103100933,"1, 2, 3, 4, 5, 6, 7"
Bingxuan Wang,7,,https://openalex.org/A5114179761,A5114179761,"1, 2, 4, 5, 6, 7, 3"
Shuiping Yu,6,,https://openalex.org/A5000029432,A5000029432,"1, 2, 4, 5, 6, 7"
Guowei Li,6,,https://openalex.org/A5001383067,A5001383067,"1, 2, 4, 5, 6, 7"
Yuheng Zou,6,,https://openalex.org/A5002204845,A5002204845,"1, 2, 4, 5, 6, 7"
Kaige Gao,6,,https://openalex.org/A5002755981,A5002755981,"1, 2, 4, 5, 6, 7"
Wentao Zhang,6,,https://openalex.org/A5008772211,A5008772211,"1, 2, 4, 5, 6, 7"
Yao Zhao,6,,https://openalex.org/A5009318707,A5009318707,"1, 2, 4, 5, 6, 7"
Aixin Liu,6,,https://openalex.org/A5015078816,A5015078816,"1, 2, 3, 4, 5, 6"
Zhangli Sha,6,,https://openalex.org/A5020140830,A5020140830,"1, 2, 4, 5, 6, 7"
Yiliang Xiong,6,,https://openalex.org/A5028899653,A5028899653,"1, 2, 4, 5, 6, 7"
Ruiqi Ge,6,,https://openalex.org/A5029083198,A5029083198,"1, 2, 4, 5, 6, 7"
Shangyan Zhou,6,,https://openalex.org/A5035849215,A5035849215,"1, 2, 4, 5, 6, 7"
Shunfeng Zhou,6,,https://openalex.org/A5045996355,A5045996355,"1, 2, 4, 5, 6, 7"
Shanhuang Chen,6,,https://openalex.org/A5046105992,A5046105992,"1, 2, 4, 5, 6, 7"
Wangding Zeng,6,,https://openalex.org/A5049532529,A5049532529,"2, 3, 4, 5, 6, 7"
Junjie Qiu,6,,https://openalex.org/A5052869661,A5052869661,"1, 2, 4, 5, 6, 7"
Panpan Huang,6,,https://openalex.org/A5053679681,A5053679681,"1, 2, 4, 5, 6, 7"
Guangbo Hao,6,,https://openalex.org/A5064813063,A5064813063,"1, 2, 4, 5, 6, 7"
Hui Qu,6,,https://openalex.org/A5067552573,A5067552573,"1, 2, 4, 5, 6, 7"
Lecong Zhang,6,,https://openalex.org/A5068839714,A5068839714,"1, 2, 4, 5, 6, 7"
Haowei Zhang,6,,https://openalex.org/A5080515807,A5080515807,"1, 2, 4, 5, 6, 7"
Mingchuan Zhang,6,,https://openalex.org/A5087014857,A5087014857,"1, 2, 4, 5, 6, 7"
Wen Liu,6,,https://openalex.org/A5100320278,A5100320278,"1, 2, 4, 5, 6, 7"
Xiaodong Liu,6,,https://openalex.org/A5100374771,A5100374771,"1, 2, 4, 5, 6, 7"
Ying He,6,,https://openalex.org/A5100389169,A5100389169,"1, 2, 4, 5, 6, 7"
Shiyu Wang,6,,https://openalex.org/A5100437635,A5100437635,"1, 2, 4, 5, 6, 7"
Xingkai Yu,6,,https://openalex.org/A5100608388,A5100608388,"1, 2, 4, 5, 6, 7"
Yanhong Xu,6,,https://openalex.org/A5100612566,A5100612566,"1, 2, 4, 5, 6, 7"
Yichao Zhang,6,,https://openalex.org/A5100625408,A5100625408,"1, 2, 4, 5, 6, 7"
Minghua Zhang,6,,https://openalex.org/A5100737340,A5100737340,"1, 2, 4, 5, 6, 7"
Shanghao Lu,6,,https://openalex.org/A5101289776,A5101289776,"1, 2, 4, 5, 6, 7"
Ziwei Xie,6,,https://openalex.org/A5101644040,A5101644040,"1, 2, 4, 5, 6, 7"
Qinyu Chen,6,,https://openalex.org/A5101682928,A5101682928,"2, 3, 4, 5, 6, 7"
Yiyuan Liu,6,,https://openalex.org/A5101704539,A5101704539,"1, 2, 4, 5, 6, 7"
Minghui Tang,6,,https://openalex.org/A5101876129,A5101876129,"1, 2, 4, 5, 6, 7"
Guanting Chen,6,,https://openalex.org/A5101983121,A5101983121,"1, 2, 4, 5, 6, 7"
Yaofeng Sun,6,,https://openalex.org/A5102212666,A5102212666,"1, 2, 4, 5, 6, 7"
Zihui Gu,6,,https://openalex.org/A5102691681,A5102691681,"2, 3, 4, 5, 6, 7"
Zhe Fu,6,,https://openalex.org/A5103128811,A5103128811,"1, 2, 4, 5, 6, 7"
Fangyun Lin,6,,https://openalex.org/A5109672590,A5109672590,"1, 2, 4, 5, 6, 7"
Tian Pei,6,,https://openalex.org/A5110880895,A5110880895,"1, 2, 4, 5, 6, 7"
Xuecheng Su,6,,https://openalex.org/A5111734260,A5111734260,"1, 2, 4, 5, 6, 7"
Zehui Ren,6,,https://openalex.org/A5112250476,A5112250476,"1, 2, 4, 5, 6, 7"
Erhang Li,6,,https://openalex.org/A5113091614,A5113091614,"1, 2, 4, 5, 6, 7"
Xiaotao Nie,6,,https://openalex.org/A5113091615,A5113091615,"1, 2, 4, 5, 6, 7"
Honghui Ding,6,,https://openalex.org/A5113640093,A5113640093,"1, 2, 4, 5, 6, 7"
Xin Liu,6,,https://openalex.org/A5115601909,A5115601909,"1, 2, 4, 5, 6, 7"
Fuli Luo,5,,https://openalex.org/A5019525050,A5019525050,"1, 2, 3, 4, 5"
Yixuan Wei,5,,https://openalex.org/A5019825958,A5019825958,"2, 4, 5, 6, 7"
Lean Wang,5,,https://openalex.org/A5034611488,A5034611488,"2, 4, 5, 6, 7"
Zhibin Gou,5,,https://openalex.org/A5034928588,A5034928588,"3, 4, 5, 6, 7"
Zilin Li,5,,https://openalex.org/A5044058639,A5044058639,"2, 4, 5, 6, 7"
Yuduan Wang,5,,https://openalex.org/A5047265939,A5047265939,"2, 4, 5, 6, 7"
Xinyu Yang,5,,https://openalex.org/A5055963260,A5055963260,"2, 4, 5, 6, 7"
Xiaohan Wang,5,,https://openalex.org/A5056359676,A5056359676,"2, 4, 5, 6, 7"
Yixuan Tan,5,,https://openalex.org/A5063984048,A5063984048,"2, 4, 5, 6, 7"
Ruizhe Pan,5,,https://openalex.org/a5076029614,a5076029614,"2, 4, 5, 6, 7"
Zhuoshu Li,5,,https://openalex.org/A5086080455,A5086080455,"2, 4, 5, 6, 7"
Yongqiang Guo,5,,https://openalex.org/A5100298247,A5100298247,"2, 4, 5, 6, 7"
Xiaokang Chen,5,,https://openalex.org/A5101412831,A5101412831,"2, 4, 5, 6, 7"
Liang Zhao,5,,https://openalex.org/A5101780128,A5101780128,"2, 4, 5, 6, 7"
Yuxuan Liu,5,,https://openalex.org/A5102651090,A5102651090,"2, 4, 5, 6, 7"
Jingyang Yuan,5,,https://openalex.org/A5113747152,A5113747152,"2, 4, 5, 6, 7"
Zhizhou Ren,5,,https://openalex.org/a5113969453,a5113969453,"2, 4, 5, 6, 7"
Zhigang Yan,4,,https://openalex.org/A5001698196,A5001698196,"4, 5, 6, 7"
Jingchang Chen,4,,https://openalex.org/A5003566311,A5003566311,"4, 5, 6, 7"
Qiancheng Wang,4,,https://openalex.org/A5009091910,A5009091910,"4, 5, 6, 7"
Yuyang Zhou,4,,https://openalex.org/A5011549126,A5011549126,"4, 5, 6, 7"
Yifan Shi,4,,https://openalex.org/A5018598375,A5018598375,"4, 5, 6, 7"
Kuai Yu,4,,https://openalex.org/A5022036537,A5022036537,"4, 5, 6, 7"
Y. Q. Wang,4,,https://openalex.org/A5022368707,A5022368707,"4, 5, 6, 7"
Runji Wang,4,,https://openalex.org/A5024300524,A5024300524,"4, 5, 6, 7"
Xingchao Liu,4,,https://openalex.org/A5024864770,A5024864770,"4, 5, 6, 7"
Yuan Ou,4,,https://openalex.org/A5028036445,A5028036445,"4, 5, 6, 7"
Shengfeng Ye,4,,https://openalex.org/A5030693568,A5030693568,"2, 4, 5, 5"
Ruoyu Zhang,4,,https://openalex.org/A5034697076,A5034697076,"4, 5, 6, 7"
Zhicheng Ma,4,,https://openalex.org/A5045715549,A5045715549,"4, 5, 6, 7"
Yunfan Xiong,4,,https://openalex.org/A5046575444,A5046575444,"4, 5, 6, 7"
Xiaokang Zhang,4,,https://openalex.org/A5048566877,A5048566877,"4, 5, 6, 7"
Ruisong Zhang,4,,https://openalex.org/A5048832336,A5048832336,"4, 5, 6, 7"
Yi Yu,4,,https://openalex.org/A5060198927,A5060198927,"4, 5, 6, 7"
Yang Zhang,4,,https://openalex.org/A5065385441,A5065385441,"4, 5, 6, 7"
Zhiyu Wu,4,,https://openalex.org/A5071782544,A5071782544,"4, 5, 6, 7"
Ziyi Gao,4,,https://openalex.org/A5075527381,A5075527381,"4, 5, 6, 7"
Chengda Lu,4,,https://openalex.org/A5090328003,A5090328003,"4, 5, 6, 7"
Yuxiang Luo,4,,https://openalex.org/A5100569167,A5100569167,"4, 5, 6, 7"
Xin Cheng,4,,https://openalex.org/A5100692497,A5100692497,"4, 5, 6, 7"
Junlong Li,4,,https://openalex.org/A5100757072,A5100757072,"4, 5, 6, 7"
Yiyang Ma,4,,https://openalex.org/A5101360646,A5101360646,"4, 5, 6, 7"
Bing Xue,4,,https://openalex.org/A5101472713,A5101472713,"4, 5, 6, 7"
Yu Wu,4,,https://openalex.org/A5101709477,A5101709477,"4, 5, 6, 7"
Tao Yun,4,,https://openalex.org/A5102213433,A5102213433,"4, 5, 6, 7"
Xuheng Lin,4,,https://openalex.org/A5102457348,A5102457348,"4, 5, 6, 7"
Zijia Zhu,4,,https://openalex.org/A5102510461,A5102510461,"4, 5, 6, 7"
Z. F. Wu,4,,https://openalex.org/A5102697103,A5102697103,"4, 5, 6, 7"
Bochao Wu,4,,https://openalex.org/A5103178710,A5103178710,"4, 5, 6, 7"
Litong Wang,4,,https://openalex.org/A5103211182,A5103211182,"4, 5, 6, 7"
Zizheng Pan,4,,https://openalex.org/A5104206167,A5104206167,"4, 5, 6, 7"
Zhean Xu,4,,https://openalex.org/A5104332671,A5104332671,"4, 5, 6, 7"
Yisong Wang,4,,https://openalex.org/A5104684132,A5104684132,"4, 5, 6, 7"
H. Zhang,4,,https://openalex.org/A5108346243,A5108346243,"2, 4, 5, 6"
Jianzhong Guo,4,,https://openalex.org/A5111161539,A5111161539,"1, 2, 4, 5"
Zhengyan Zhang,4,,https://openalex.org/A5111176285,A5111176285,"4, 5, 6, 7"
Shuting Pan,4,,https://openalex.org/A5113628365,A5113628365,"4, 5, 6, 7"
Mingxu Zhou,3,,https://openalex.org/A5032538237,A5032538237,"5, 6, 7"
Yue Gong,3,,https://openalex.org/A5065675807,A5065675807,"4, 5, 6"
Y. Wu,3,,https://openalex.org/A5075693457,A5075693457,"1, 2, 3"
Xinyuan Li,3,,https://openalex.org/A5100663165,A5100663165,"4, 5, 6"
Kexin Huang,3,,https://openalex.org/A5102892551,A5102892551,"4, 5, 6"
Yinmin Zhong,2,,https://openalex.org/A5000644890,A5000644890,"6, 7"
Kexing Zhou,2,,https://openalex.org/A5000718123,A5000718123,"6, 7"
Tian Ye,2,,https://openalex.org/A5001904065,A5001904065,"6, 7"
Zongqing Yao,2,,https://openalex.org/A5003259585,A5003259585,"6, 7"
Shengyu Liu,2,,https://openalex.org/A5004265996,A5004265996,"6, 7"
Jingyuan Cheng,2,,https://openalex.org/A5007742979,A5007742979,"6, 7"
Shengding Hu,2,,https://openalex.org/A5010557815,A5010557815,"6, 7"
Huanqi Cao,2,,https://openalex.org/A5016089490,A5016089490,"6, 7"
Haozhe Ji,2,,https://openalex.org/A5020700222,A5020700222,"6, 7"
Kezhao Huang,2,,https://openalex.org/A5023674199,A5023674199,"6, 7"
Ying Zhou,2,,https://openalex.org/A5025286172,A5025286172,"6, 7"
Jun Ran,2,,https://openalex.org/A5029163663,A5029163663,"6, 7"
Jiewen Hu,2,,https://openalex.org/A5030169073,A5030169073,"6, 7"
Yuanfan Xu,2,,https://openalex.org/A5035964223,A5035964223,"6, 7"
Lingxiao Luo,2,,https://openalex.org/A5036387082,A5036387082,"6, 7"
Xuwei Fu,2,,https://openalex.org/A5040119265,A5040119265,"6, 7"
Hao Li,2,,https://openalex.org/A5042878459,A5042878459,"6, 7"
Ziyang Song,2,,https://openalex.org/A5043597604,A5043597604,"4, 5"
Songyang Zhou,2,,https://openalex.org/A5047145856,A5047145856,"6, 7"
Haowen Luo,2,,https://openalex.org/A5049311422,A5049311422,"6, 7"
Wenjie Pang,2,,https://openalex.org/A5049920338,A5049920338,"6, 7"
Xi Gao,2,,https://openalex.org/A5050692023,A5050692023,"6, 7"
Xuan Lu,2,,https://openalex.org/A5052404451,A5052404451,"3, 2"
Peixin Cong,2,,https://openalex.org/A5054102678,A5054102678,"6, 7"
Tianyuan Yue,2,,https://openalex.org/A5058110644,A5058110644,"6, 7"
Yujia He,2,,https://openalex.org/A5060991733,A5060991733,"4, 5"
Zian Xu,2,,https://openalex.org/A5067424229,A5067424229,"6, 7"
Yixiao Chen,2,,https://openalex.org/A5068277084,A5068277084,"6, 7"
Yanru Ma,2,,https://openalex.org/A5070263617,A5070263617,"6, 7"
S. H. Liu,2,,https://openalex.org/A5072626432,A5072626432,"6, 7"
Hongxuan Tang,2,,https://openalex.org/A5072855790,A5072855790,"6, 7"
Shaofei Cai,2,,https://openalex.org/A5074233262,A5074233262,"6, 7"
Hui Zeng,2,,https://openalex.org/A5077369376,A5077369376,"6, 7"
Wenqin Yu,2,,https://openalex.org/A5082678890,A5082678890,"4, 5"
Yuhan Wu,2,,https://openalex.org/A5084253746,A5084253746,"6, 7"
M. S. Di,2,,https://openalex.org/A5092740563,A5092740563,"6, 7"
Zihao Wang,2,,https://openalex.org/A5100413085,A5100413085,"6, 7"
Lei Wang,2,,https://openalex.org/A5100435806,A5100435806,"6, 7"
Qingyang Li,2,,https://openalex.org/A5100700135,A5100700135,"6, 7"
Zipeng Zhang,2,,https://openalex.org/A5100722630,A5100722630,"6, 7"
Zijun Liu,2,,https://openalex.org/A5100725216,A5100725216,"4, 5"
Bo Liu,2,,https://openalex.org/A5100727812,A5100727812,"1, 2"
Chen Dong,2,,https://openalex.org/A5100767305,A5100767305,"6, 7"
Chenhao Xu,2,,https://openalex.org/A5101012867,A5101012867,"6, 7"
Yongtong Wu,2,,https://openalex.org/A5101238210,A5101238210,"6, 7"
Jiaxin Xu,2,,https://openalex.org/A5101299439,A5101299439,"6, 7"
Shiqiang Hu,2,,https://openalex.org/A5101413296,A5101413296,"6, 7"
Zehua Zhao,2,,https://openalex.org/A5101521680,A5101521680,"6, 7"
Kai Hu,2,,https://openalex.org/A5101710153,A5101710153,"4, 5"
Xu Chen,2,,https://openalex.org/A5101779008,A5101779008,"6, 7"
Yifan Ding,2,,https://openalex.org/A5101822672,A5101822672,"6, 7"
Junguang Jiang,2,,https://openalex.org/A5101828204,A5101828204,"6, 7"
Lihua Guo,2,,https://openalex.org/A5101908065,A5101908065,"6, 7"
M. Y. Xu,2,,https://openalex.org/A5101910351,A5101910351,"6, 7"
Wenjing Luo,2,,https://openalex.org/A5102068638,A5102068638,"6, 7"
Jinhua Zhu,2,,https://openalex.org/A5102224739,A5102224739,"6, 7"
Shaoyuan Chen,2,,https://openalex.org/A5102307049,A5102307049,"6, 7"
Xiangwen Wang,2,,https://openalex.org/A5103138406,A5103138406,"6, 7"
Jialiang Huang,2,,https://openalex.org/A5103278071,A5103278071,"6, 7"
Yuan Cheng,2,,https://openalex.org/A5103907115,A5103907115,"6, 7"
Ruiling Xu,2,,https://openalex.org/A5107918038,A5107918038,"6, 7"
Bingzheng Xu,2,,https://openalex.org/A5109505733,A5109505733,"6, 7"
Zhuping Zhang,2,,https://openalex.org/A5109662866,A5109662866,"6, 7"
Chaofan Lin,2,,https://openalex.org/A5109678287,A5109678287,"6, 7"
Yongji Wang,2,,https://openalex.org/A5110372162,A5110372162,"1, 2"
Tao Ni,2,,https://openalex.org/A5110445732,A5110445732,"6, 7"
Xingyou Li,2,,https://openalex.org/A5110532585,A5110532585,"6, 7"
Huajian Xin,2,,https://openalex.org/A5111038333,A5111038333,"2, 4"
Zhixian Huang,2,,https://openalex.org/A5111603195,A5111603195,"6, 7"
Yi Qian,2,,https://openalex.org/A5111815579,A5111815579,"6, 7"
Haofen Liang,2,,https://openalex.org/A5113319915,A5113319915,"6, 7"
Haoran Wei,2,,https://openalex.org/A5114246441,A5114246441,"6, 7"
Bowei Zhang,2,,https://openalex.org/A5120751166,A5120751166,"6, 7"
Jiawei Wang,1,,https://openalex.org/A5001098396,A5001098396,4
W. L. Xiao,1,,https://openalex.org/A5001162491,A5001162491,5
Xuehai Pan,1,,https://openalex.org/A5001682354,A5001682354,6
Fangqi Zhou,1,,https://openalex.org/A5002273360,A5002273360,6
Xianzu Wang,1,,https://openalex.org/A5002303194,A5002303194,5
Aoxue Mei,1,,https://openalex.org/A5005251905,A5005251905,6
Yukun Zha,1,,https://openalex.org/A5006037200,A5006037200,5
X. Q. Li,1,,https://openalex.org/A5006875159,A5006875159,5
Tianyu Sun,1,,https://openalex.org/A5015475948,A5015475948,5
Kaichao You,1,,https://openalex.org/A5016284649,A5016284649,5
S. S. Li,1,,https://openalex.org/A5016620334,A5016620334,5
Bei Feng,1,,https://openalex.org/A5016665033,A5016665033,5
Yuting Yan,1,,https://openalex.org/A5019540330,A5019540330,5
Jiaqi Ni,1,,https://openalex.org/A5019579257,A5019579257,5
Lei Xu,1,,https://openalex.org/A5020790434,A5020790434,5
Wei An,1,,https://openalex.org/A5021639941,A5021639941,5
Han Bao,1,,https://openalex.org/A5021682810,A5021682810,4
Zhipeng Xu,1,,https://openalex.org/A5024958662,A5024958662,5
Miaojun Wang,1,,https://openalex.org/A5026325208,A5026325208,5
Yuchen Zhu,1,,https://openalex.org/A5033494277,A5033494277,5
Haocheng Wang,1,,https://openalex.org/A5034335736,A5034335736,4
Xiaosha Chen,1,,https://openalex.org/A5036491343,A5036491343,5
Ruyi Chen,1,,https://openalex.org/A5036645286,A5036645286,5
Jingxiang Sun,1,,https://openalex.org/A5040066835,A5040066835,1
Dongjie Ji,1,,https://openalex.org/A5043755032,A5043755032,5
T. Wang,1,,https://openalex.org/A5046543349,A5046543349,5
Ning Tian,1,,https://openalex.org/A5053537379,A5053537379,5
Tongzheng Ren,1,,https://openalex.org/A5055015446,A5055015446,1
Jiping Yu,1,,https://openalex.org/A5055665761,A5055665761,7
Xinxia Shan,1,,https://openalex.org/A5059343948,A5059343948,5
Ying Tang,1,,https://openalex.org/A5068378063,A5068378063,5
Y. X. Zhu,1,,https://openalex.org/A5068383472,A5068383472,5
Size Zheng,1,,https://openalex.org/a5072186367,a5072186367,2
Liangsheng Yin,1,,https://openalex.org/A5074614946,A5074614946,6
J. L. Cai,1,,https://openalex.org/A5075973287,A5075973287,5
Yaohui Li,1,,https://openalex.org/A5082760644,A5082760644,5
Jinhao Tu,1,,https://openalex.org/A5089007420,A5089007420,5
Xinnan Song,1,,https://openalex.org/A5090535931,A5090535931,5
B. Zhang,1,,https://openalex.org/A5100335386,A5100335386,1
Mingming Li,1,,https://openalex.org/A5100338776,A5100338776,5
Yi Zheng,1,,https://openalex.org/A5100342733,A5100342733,5
Peng Zhang,1,,https://openalex.org/A5100364050,A5100364050,5
Chenyu Zhang,1,,https://openalex.org/A5100377485,A5100377485,4
Zihan Wang,1,,https://openalex.org/a5100380111,a5100380111,2
Hui Li,1,,https://openalex.org/A5100637295,A5100637295,5
Xiaoxiang Wang,1,,https://openalex.org/A5100679200,A5100679200,5
Jin Chen,1,,https://openalex.org/A5100689175,A5100689175,5
Shuang Zhou,1,,https://openalex.org/A5101508494,A5101508494,5
Wenjie Hu,1,,https://openalex.org/A5101521918,A5101521918,1
Shaoqing Wu,1,,https://openalex.org/A5101533376,A5101533376,5
Zhen Huang,1,,https://openalex.org/A5101653729,A5101653729,5
Yanping Huang,1,,https://openalex.org/A5101749154,A5101749154,5
Meng Li,1,,https://openalex.org/A5101815738,A5101815738,5
Yilong Zhao,1,,https://openalex.org/a5101870121,a5101870121,2
Hao Yang,1,,https://openalex.org/a5101895792,a5101895792,2
Tong Wu,1,,https://openalex.org/A5101994749,A5101994749,1
Xiaowen Sun,1,,https://openalex.org/A5104180229,A5104180229,5
Yunxian Ma,1,,https://openalex.org/A5107930819,A5107930819,5
Leyi Xia,1,,https://openalex.org/A5107939686,A5107939686,5
R. L. Jin,1,,https://openalex.org/A5109083484,A5109083484,5
Haoyu Lu,1,,https://openalex.org/A5110986785,A5110986785,1
Xinyi Zhou,1,,https://openalex.org/A5111292232,A5111292232,5
Xiaojin Shen,1,,https://openalex.org/A5111323358,A5111323358,5
Jian Liang,1,,https://openalex.org/A5112183358,A5112183358,5
R. J. Chen,1,,https://openalex.org/A5112374713,A5112374713,5
Wanjia Zhao,1,,https://openalex.org/A5112946948,A5112946948,4
Yixin Dong,1,,https://openalex.org/a5114999117,a5114999117,2
Zhongyu Zhang,1,,https://openalex.org/A5115604997,A5115604997,5
Zhen Zhang,1,,https://openalex.org/A5118092868,A5118092868,5