id,institution_name,country,direct_author_count,total_author_count,direct_works_count,total_works_count,direct_citations,total_citations,num_children,num_ancestors,has_parent,is_parent
https://openalex.org/I19820366,Chinese Academy of Sciences,China,4,83,980056,2051218,109663933,211943737,170,0,False,True
https://openalex.org/I99065089,Tsinghua University,China,43,46,366873,395480,32051635,36541361,17,0,False,True
https://openalex.org/I20231570,Peking University,China,25,29,383489,414119,30789033,34702125,15,0,False,True
https://openalex.org/I76130692,Zhejiang University,China,24,25,360770,368047,28295147,29711425,15,0,False,True
https://openalex.org/I4210165038,University of Chinese Academy of Sciences,China,21,21,372666,372666,28843309,28843309,3,1,True,True
https://openalex.org/I881766915,Nanjing University,China,15,16,182221,202398,16271090,19299527,9,0,False,True
https://openalex.org/I76569877,Southeast University,China,14,15,154717,159774,8936687,9650895,3,0,False,True
https://openalex.org/I82880672,Beihang University,China,14,14,147249,147249,7432401,7432401,2,0,False,True
https://openalex.org/I183067930,Shanghai Jiao Tong University,China,13,13,357546,357546,26945076,26945076,7,0,False,True
https://openalex.org/I4210151987,Ministry of Agriculture and Rural Affairs,China,1,12,45753,194769,3739020,16810620,65,1,True,True
https://openalex.org/I47720641,Huazhong University of Science and Technology,China,11,11,259032,259032,22798423,22798423,7,0,False,True
https://openalex.org/I9224756,Northeastern University,China,10,10,92312,92312,4696606,4696606,2,0,False,True
https://openalex.org/I92039509,Guangzhou Medical University,China,10,10,68028,68028,5417714,5417714,0,0,False,False
https://openalex.org/I87445476,Xi'an Jiaotong University,China,10,10,198177,198177,12532964,12532964,5,0,False,True
https://openalex.org/I76214153,Lanzhou University,China,10,10,104410,104410,7255909,7255909,2,0,False,True
https://openalex.org/I98227222,China National Petroleum Corporation (China),China,7,8,23787,46562,437176,1260253,5,0,False,True
https://openalex.org/I126520041,University of Science and Technology of China,China,7,8,201441,218898,22054926,25607939,7,1,True,True
https://openalex.org/I9916479,Air Force Medical University,China,8,8,52806,52806,4621812,4621812,1,0,False,True
https://openalex.org/I90610280,South China University of Technology,China,8,8,149655,149655,10848614,10848614,4,0,False,True
https://openalex.org/I87780372,Chongqing Medical University,China,8,8,72484,72484,4315602,4315602,0,0,False,False
https://openalex.org/I37461747,Wuhan University,China,6,7,220562,221609,16518046,16725989,4,0,False,True
https://openalex.org/I1290206253,Microsoft (United States),United States,1,7,33775,67142,4448712,9701281,25,0,False,True
https://openalex.org/I9842412,Nanjing University of Aeronautics and Astronautics,China,7,7,92955,92955,3919262,3919262,1,0,False,True
https://openalex.org/I17145004,Northwestern Polytechnical University,China,6,6,134067,134067,7108070,7108070,1,0,False,True
https://openalex.org/I92403157,University of Science and Technology Beijing,China,6,6,97785,97785,6031045,6031045,2,0,False,True
https://openalex.org/I204983213,Harbin Institute of Technology,China,6,6,216863,216863,13568238,13568238,3,0,False,True
https://openalex.org/I80143920,Shandong University of Science and Technology,China,6,6,50411,50411,2021377,2021377,0,0,False,False
https://openalex.org/I889458895,University of Hong Kong,Hong Kong,6,6,222837,222837,21197305,21197305,2,0,False,True
https://openalex.org/I4800084,Southwest Jiaotong University,China,6,6,80577,80577,3647626,3647626,2,0,False,True
https://openalex.org/I24185976,Sichuan University,China,4,6,256701,275729,18845429,20911470,5,0,False,True
https://openalex.org/I194450716,Jilin University,China,4,6,179058,189020,13986131,15482271,6,0,False,True
https://openalex.org/I890469752,Ministry of Industry and Information Technology,China,1,5,19713,154605,1139136,8649878,6,0,False,True
https://openalex.org/I1327237609,Ministry of Education of the People's Republic of China,China,1,5,65462,108192,5267796,7487249,8,1,True,True
https://openalex.org/I154099455,Shandong University,China,3,5,194448,203558,13999947,15206638,2,0,False,True
https://openalex.org/I116953780,Tongji University,China,4,5,185970,206147,10117964,13146401,5,0,False,True
https://openalex.org/I4210138501,Chinese Academy of Agricultural Sciences,China,3,5,89743,99474,8303806,9261992,39,2,True,True
https://openalex.org/I43313876,Dalian Maritime University,China,5,5,32391,32391,1121934,1121934,0,0,False,False
https://openalex.org/I78577930,Columbia University,United States,5,5,380305,380305,45552709,45552709,3,0,False,True
https://openalex.org/I52158045,China Agricultural University,China,5,5,95186,95186,8549188,8549188,3,0,False,True
https://openalex.org/I91935597,University of South China,China,5,5,31031,31031,1303555,1303555,0,0,False,False
https://openalex.org/I153473198,North China Electric Power University,China,5,5,86104,86104,3188038,3188038,2,0,False,True
https://openalex.org/I158842170,Chongqing University,China,5,5,136827,136827,7863631,7863631,3,0,False,True
https://openalex.org/I83519826,Nanjing Medical University,China,5,5,105443,105443,7951774,7951774,1,0,False,True
https://openalex.org/I75390827,Beijing University of Chemical Technology,China,5,5,54419,54419,5800793,5800793,1,0,False,True
https://openalex.org/I89652312,Northwest A&F University,China,5,5,62030,62030,6122281,6122281,0,0,False,False
https://openalex.org/I74973139,Carnegie Mellon University,United States,4,4,155545,155545,16144029,16144029,7,0,False,True
https://openalex.org/I170215575,National University of Defense Technology,China,4,4,85515,85515,3031582,3031582,3,0,False,True
https://openalex.org/I139759216,Beijing University of Posts and Telecommunications,China,3,4,77962,79527,2720988,2757675,2,0,False,True
https://openalex.org/I91656880,China Medical University,China,4,4,61592,61592,4050455,4050455,0,0,False,False
https://openalex.org/I97018004,Stanford University,United States,4,4,516999,516999,83956920,83956920,13,0,False,True
https://openalex.org/I4210137180,Institute of High Energy Physics,China,4,4,27487,27487,9894134,9894134,5,1,True,True
https://openalex.org/I1327163397,State University of New York,United States,1,4,83861,348265,7691022,31567446,68,0,False,True
https://openalex.org/I2801769982,First Affiliated Hospital of Wenzhou Medical University,China,4,4,19051,19051,1118941,1118941,0,0,False,False
https://openalex.org/I50760025,Hangzhou Dianzi University,China,4,4,36067,36067,1173188,1173188,0,0,False,False
https://openalex.org/I25355098,Chang'an University,China,4,4,39802,39802,1545472,1545472,0,0,False,False
https://openalex.org/I4210160344,Tongji Hospital,China,4,4,46265,46265,4071143,4071143,0,0,False,False
https://openalex.org/I25757504,China University of Mining and Technology,China,4,4,88850,88850,4320593,4320593,2,0,False,True
https://openalex.org/I78978612,Yangzhou University,China,4,4,69505,69505,3731475,3731475,0,0,False,False
https://openalex.org/I91125648,Wuhan Institute of Technology,China,4,4,22675,22675,933384,933384,0,0,False,False
https://openalex.org/I31683504,Beijing Forestry University,China,4,4,42730,42730,2219453,2219453,0,2,True,False
https://openalex.org/I96908189,Xinjiang University,China,4,4,35058,35058,1169816,1169816,0,0,False,False
https://openalex.org/I157773358,Sun Yat-sen University,China,4,4,294371,294371,24117202,24117202,6,0,False,True
https://openalex.org/I125839683,Beijing Institute of Technology,China,4,4,134892,134892,7510742,7510742,0,1,True,False
https://openalex.org/I45928872,Alibaba Group (China),China,2,3,6612,9940,431241,641544,2,0,False,True
https://openalex.org/I4210125404,Institute of Theoretical Physics,China,3,3,20653,20653,900744,900744,0,1,True,False
https://openalex.org/I37987034,Guangzhou University,China,3,3,46626,46626,1718205,1718205,0,0,False,False
https://openalex.org/I4210156571,Collaborative Innovation Center of Chemistry for Energy Materials,China,3,3,12928,12928,3813833,3813833,0,0,False,False
https://openalex.org/I37796252,Beijing University of Technology,China,2,3,77917,83048,3625032,3798381,1,0,False,True
https://openalex.org/I4210136497,Jilin Medical University,China,3,3,27275,27275,1104398,1104398,0,0,False,False
https://openalex.org/I46529539,Chinese Academy of Fishery Sciences,China,3,3,20825,20825,1140964,1140964,5,2,True,True
https://openalex.org/I47689461,Northeast Forestry University,China,3,3,36240,36240,1691781,1691781,1,0,False,True
https://openalex.org/I51622183,Shaanxi University of Science and Technology,China,3,3,23049,23049,1503813,1503813,0,0,False,False
https://openalex.org/I37802460,Northwest University,China,3,3,43114,43114,2574889,2574889,1,0,False,True
https://openalex.org/I4210116869,Affiliated Hospital of Qingdao University,China,3,3,24594,24594,1078353,1078353,0,0,False,False
https://openalex.org/I4210134523,State Forestry and Grassland Administration,China,1,3,11517,34988,367571,1678144,24,0,False,True
https://openalex.org/I4210142748,Shandong Academy of Sciences,China,1,3,20422,37657,1063981,2049177,5,0,False,True
https://openalex.org/I4210128818,Institute of Software,China,2,3,15201,15619,411737,422195,1,1,True,True
https://openalex.org/I4210152380,Shenzhen Technology University,China,3,3,13590,13590,367277,367277,0,0,False,False
https://openalex.org/I165932596,National University of Singapore,Singapore,3,3,272815,272815,24147534,24147534,4,0,False,True
https://openalex.org/I44675526,Shanghai Ocean University,China,3,3,30199,30199,1091896,1091896,0,0,False,False
https://openalex.org/I59028903,Ocean University of China,China,3,3,70848,70848,4108857,4108857,0,0,False,False
https://openalex.org/I4210159865,Xiangya Hospital Central South University,China,3,3,37674,37674,2868821,2868821,0,0,False,False
https://openalex.org/I4210153519,First Affiliated Hospital of Soochow University,China,3,3,25794,25794,1321043,1321043,0,0,False,False
https://openalex.org/I83714178,Shenyang Jianzhu University,China,3,3,11132,11132,160629,160629,0,0,False,False
https://openalex.org/I74525822,Hubei University of Technology,China,3,3,20827,20827,715913,715913,0,0,False,False
https://openalex.org/I86519309,The University of Texas at Austin,United States,3,3,348490,348490,22820865,22820865,7,1,True,True
https://openalex.org/I74872605,China Southern Power Grid (China),China,3,3,21948,21948,212128,212128,0,0,False,False
https://openalex.org/I191208505,Xiamen University,China,3,3,115691,115691,9130272,9130272,3,0,False,True
https://openalex.org/I5681781,The University of Adelaide,Australia,3,3,147351,147351,29286289,29286289,0,0,False,False
https://openalex.org/I17747738,Beijing University of Chinese Medicine,China,3,3,28767,28767,1338487,1338487,0,0,False,False
https://openalex.org/I84218800,"University of California, Davis",United States,3,3,293371,293371,28373880,28373880,2,1,True,True
https://openalex.org/I78988378,Renmin University of China,China,3,3,45173,45173,1353325,1353325,0,0,False,False
https://openalex.org/I45129253,University College London,United Kingdom,3,3,567765,567765,62184878,62184878,15,1,True,True
https://openalex.org/I4210126065,Shanghai Electric (China),China,3,3,17641,17641,108669,108669,0,0,False,False
https://openalex.org/I4610292,Xiangtan University,China,3,3,33309,33309,1663343,1663343,0,0,False,False
https://openalex.org/I4210092944,Dalian University,China,3,3,43114,43114,3557609,3557609,0,0,False,False
https://openalex.org/I50632499,Chongqing University of Technology,China,3,3,20776,20776,592617,592617,0,0,False,False
https://openalex.org/I55712492,Zhejiang University of Technology,China,3,3,68709,68709,3784870,3784870,2,0,False,True
https://openalex.org/I143868143,Anhui University,China,3,3,50512,50512,2135125,2135125,0,0,False,False
https://openalex.org/I3923682,Soochow University,China,3,3,120853,120853,10633775,10633775,1,0,False,True
https://openalex.org/I4210164937,Microsoft Research (United Kingdom),United Kingdom,3,3,21351,21351,3188904,3188904,1,1,True,True
https://openalex.org/I21193070,Beijing Jiaotong University,China,3,3,78738,78738,2688661,2688661,1,0,False,True
https://openalex.org/I80947539,Fuzhou University,China,3,3,62419,62419,4550285,4550285,0,0,False,False
https://openalex.org/I82497590,Auburn University,United States,3,3,79498,79498,3800182,3800182,0,1,True,False
https://openalex.org/I4210129794,Division of Materials Science and Engineering,Australia,2,2,33086,33086,2445984,2445984,0,1,True,False
https://openalex.org/I56590836,Monash University,Australia,2,2,276809,276809,20608256,20608256,9,0,False,True
https://openalex.org/I94611258,Hebei Normal University,China,2,2,18452,18452,653408,653408,0,0,False,False
https://openalex.org/I4210094879,Shandong Institute of Automation,China,2,2,17235,17235,985196,985196,0,1,True,False
https://openalex.org/I4210119392,Institute of Microelectronics,China,2,2,19896,19896,1199306,1199306,0,1,True,False
https://openalex.org/I75955062,Henan Normal University,China,2,2,28414,28414,1487645,1487645,0,0,False,False
https://openalex.org/I4210164024,First Affiliated Hospital of Nanchang University,China,2,2,13816,13816,684536,684536,0,0,False,False
https://openalex.org/I66883779,Weifang University,China,2,2,11756,11756,118711,118711,0,0,False,False
https://openalex.org/I75867142,Xiamen University of Technology,China,2,2,19707,19707,664656,664656,0,0,False,False
https://openalex.org/I921716337,Northeast Petroleum University,China,2,2,16574,16574,453014,453014,0,0,False,False
https://openalex.org/I5422934,Shanxi Datong University,China,2,2,7175,7175,124046,124046,0,0,False,False
https://openalex.org/I49934816,Hunan University of Technology,China,2,2,12313,12313,434908,434908,0,0,False,False
https://openalex.org/I78675632,Beijing Information Science & Technology University,China,2,2,16666,16666,258855,258855,0,0,False,False
https://openalex.org/I4391768157,State Key Laboratory of Crystal Materials,China,2,2,9110,9110,1206691,1206691,0,1,True,False
https://openalex.org/I4210097066,Shanghai Ninth People's Hospital,China,2,2,23097,23097,1708140,1708140,0,0,False,False
https://openalex.org/I79731167,Hainan Medical University,China,2,2,14939,14939,378193,378193,0,0,False,False
https://openalex.org/I102149020,University of North Carolina at Charlotte,United States,2,2,40768,40768,1712201,1712201,0,1,True,False
https://openalex.org/I163340411,Hohai University,China,2,2,71573,71573,2706769,2706769,1,0,False,True
https://openalex.org/I167383011,Henan University of Science and Technology,China,2,2,27999,27999,956912,956912,0,0,False,False
https://openalex.org/I4210162190,"China University of Petroleum, East China",China,2,2,43381,43381,3075512,3075512,0,0,False,False
https://openalex.org/I108688024,Qingdao University,China,2,2,82743,82743,4708631,4708631,0,0,False,False
https://openalex.org/I4472751,Anhui Normal University,China,2,2,22427,22427,853323,853323,0,0,False,False
https://openalex.org/I4210163933,Union Hospital,China,2,2,25167,25167,1697459,1697459,0,0,False,False
https://openalex.org/I36399199,Nanjing University of Science and Technology,China,2,2,85334,85334,4476958,4476958,1,0,False,True
https://openalex.org/I2801534221,Agriculture and Forestry University,Nepal,2,2,8924,8924,121871,121871,0,0,False,False
https://openalex.org/I3133134087,Lanzhou Jiaotong University,China,2,2,20886,20886,576266,576266,0,0,False,False
https://openalex.org/I4210112519,Peng Huanwu Center for Fundamental Theory,China,2,2,3659,3659,15318,15318,0,0,False,False
https://openalex.org/I63190737,"University at Buffalo, State University of New York",United States,2,2,137828,137828,10710934,10710934,1,1,True,True
https://openalex.org/I4210096139,China Institute of Atomic Energy,China,2,2,10547,10547,735233,735233,0,0,False,False
https://openalex.org/I95457486,"University of California, Berkeley",United States,2,2,434985,434985,54353471,54353471,11,1,True,True
https://openalex.org/I4210115570,National Space Science Center,China,1,2,8229,8370,271165,274882,2,1,True,True
https://openalex.org/I4210165441,Hangzhou Medical College,China,2,2,13147,13147,470034,470034,0,0,False,False
https://openalex.org/I1174212,University of Southern California,United States,2,2,268644,268644,26687148,26687148,4,0,False,True
https://openalex.org/I4210128819,Institute of Electrical Engineering,China,2,2,10105,10105,536816,536816,0,1,True,False
https://openalex.org/I41198531,Nanjing University of Posts and Telecommunications,China,1,2,43354,50631,1956600,3372878,1,0,False,True
https://openalex.org/I4210128615,Chinese Academy of Forestry,China,1,2,19583,23471,966413,1310573,23,1,True,True
https://openalex.org/I2801345734,China Academy of Engineering Physics,China,1,2,24705,26588,1102549,1154814,4,0,False,True
https://openalex.org/I152031979,Nanjing Normal University,China,1,2,52375,57481,2682215,2974819,2,0,False,True
https://openalex.org/I1343180700,Intel (United States),United States,1,2,33592,38857,2706472,3014830,10,0,False,True
https://openalex.org/I2799853436,Johns Hopkins Medicine,United States,1,2,169085,184273,26234400,30573127,11,0,False,True
https://openalex.org/I2799886695,Veterans Health Administration,United States,1,2,30316,32326,4565089,4690680,29,1,True,True
https://openalex.org/I2250955327,Huawei Technologies (China),China,1,2,14046,16089,561959,623740,8,0,False,True
https://openalex.org/I173911158,Iowa State University,United States,1,2,193376,212586,12295771,14207670,3,0,False,True
https://openalex.org/I204823248,Huazhong Agricultural University,China,1,2,59881,60278,6291904,6348804,2,0,False,True
https://openalex.org/I24943067,Fudan University,China,1,2,235975,260349,19337391,21997551,8,0,False,True
https://openalex.org/I184490438,Chinese Center For Disease Control and Prevention,China,1,2,20037,25252,1553449,2414048,10,2,True,True
https://openalex.org/I7350606,Dalian Jiaotong University,China,2,2,10435,10435,176360,176360,0,0,False,False
https://openalex.org/I99418890,Northwestern Polytechnic University,United States,2,2,4346,4346,42699,42699,0,0,False,False
https://openalex.org/I68986083,Northwest Normal University,China,2,2,27978,27978,1173296,1173296,0,0,False,False
https://openalex.org/I4210089761,West China Hospital of Sichuan University,China,2,2,71353,71353,3742997,3742997,0,0,False,False
https://openalex.org/I36152291,Henan University of Technology,China,2,2,22520,22520,733566,733566,0,0,False,False
https://openalex.org/I107639228,University of Notre Dame,United States,2,2,97199,97199,8013500,8013500,2,0,False,True
https://openalex.org/I6507939,China United Network Communications Group (China),China,2,2,3646,3646,40993,40993,0,0,False,False
https://openalex.org/I867280407,The University of Texas Southwestern Medical Center,United States,2,2,140087,140087,20303633,20303633,3,1,True,True
https://openalex.org/I4210113348,Guangxi University of Chinese Medicine,China,2,2,7629,7629,197698,197698,0,0,False,False
https://openalex.org/I94310126,Shanxi Normal University,China,2,2,11502,11502,313815,313815,0,0,False,False
https://openalex.org/I4210153482,Changzhou University,China,2,2,23574,23574,1238970,1238970,0,0,False,False
https://openalex.org/I28006308,Shandong Normal University,China,2,2,31170,31170,1552205,1552205,0,0,False,False
https://openalex.org/I139660479,Central South University,China,2,2,247820,247820,17832052,17832052,2,0,False,True
https://openalex.org/I63966007,Massachusetts Institute of Technology,United States,2,2,340884,340884,62467959,62467959,15,0,False,True
https://openalex.org/I178232147,Guizhou University,China,2,2,61450,61450,1721721,1721721,0,0,False,False
https://openalex.org/I4210125137,First Hospital of Jilin University,China,2,2,24688,24688,1362027,1362027,0,0,False,False
https://openalex.org/I2802340896,Purple Mountain Observatory,China,2,2,7551,7551,436531,436531,0,1,True,False
https://openalex.org/I36258959,University of California San Diego,United States,2,2,345649,345649,48405736,48405736,8,1,True,True
https://openalex.org/I66867065,East China Normal University,China,2,2,82598,82598,4997041,4997041,2,0,False,True
https://openalex.org/I4210161896,Fu Wai Hospital,China,2,2,10255,10255,632625,632625,0,0,False,False
https://openalex.org/I75900474,Hubei University,China,2,2,33343,33343,1564630,1564630,0,0,False,False
https://openalex.org/I196699116,Wuhan University of Technology,China,2,2,94316,94316,5889341,5889341,2,0,False,True
https://openalex.org/I4210097354,Sun Yat-sen Memorial Hospital,China,2,2,18183,18183,1394323,1394323,0,0,False,False
https://openalex.org/I4210139449,Ningxia Medical University General Hospital,China,2,2,4944,4944,109070,109070,0,0,False,False
https://openalex.org/I125904092,Shenyang Aerospace University,China,2,2,14768,14768,318796,318796,0,0,False,False
https://openalex.org/I181326427,Donghua University,China,2,2,48180,48180,3567378,3567378,1,0,False,True
https://openalex.org/I22265921,National Central University,Taiwan,2,2,44553,44553,2854764,2854764,0,1,True,False
https://openalex.org/I181903023,Xi'an Shiyou University,China,2,2,13617,13617,222350,222350,0,0,False,False
https://openalex.org/I4210153682,Intelligent Health (United Kingdom),United Kingdom,2,2,4516,4516,61937,61937,0,0,False,False
https://openalex.org/I899859998,Qiqihar Medical University,China,2,2,4995,4995,149767,149767,0,0,False,False
https://openalex.org/I113940042,Shanghai University,China,2,2,97787,97787,4908495,4908495,0,0,False,False
https://openalex.org/I29739308,Guangxi Normal University,China,2,2,26750,26750,859801,859801,0,0,False,False
https://openalex.org/I4210163952,Beijing Obstetrics and Gynecology Hospital,China,2,2,7619,7619,353946,353946,0,0,False,False
https://openalex.org/I4210120234,Zhongnan Hospital of Wuhan University,China,2,2,20618,20618,2134478,2134478,0,0,False,False
https://openalex.org/I52180223,Hunan Agricultural University,China,2,2,23566,23566,1249684,1249684,0,0,False,False
https://openalex.org/I150807315,Guangxi University,China,2,2,65040,65040,3123737,3123737,1,0,False,True
https://openalex.org/I4210093194,Fudan University Shanghai Cancer Center,China,2,2,22247,22247,2146332,2146332,0,0,False,False
https://openalex.org/I55538621,China Jiliang University,China,2,2,22203,22203,848214,848214,0,0,False,False
https://openalex.org/I79576946,University of Pennsylvania,United States,2,2,368011,368011,51567027,51567027,1,0,False,True
https://openalex.org/I859038795,Virginia Tech,United States,2,2,166807,166807,10034964,10034964,4,0,False,True
https://openalex.org/I168635309,University of Calgary,Canada,2,2,194022,194022,13852974,13852974,4,0,False,True
https://openalex.org/I4210117453,Dana-Farber Cancer Institute,United States,2,2,85839,85839,25340552,25340552,3,0,False,True
https://openalex.org/I64852412,Sichuan University of Science and Engineering,China,2,2,12291,12291,306858,306858,0,0,False,False
https://openalex.org/I1284762954,Zhejiang A & F University,China,2,2,20045,20045,1093364,1093364,0,0,False,False
https://openalex.org/I114539943,Zhejiang Chinese Medical University,China,2,2,29353,29353,989805,989805,0,0,False,False
https://openalex.org/I82760581,Taizhou University,China,2,2,14055,14055,496893,496893,0,0,False,False
https://openalex.org/I4210160763,Shanxi Provincial People’s Hospital,China,2,2,6060,6060,159857,159857,0,1,True,False
https://openalex.org/I4210113369,Microsoft Research Asia (China),China,2,2,9135,9135,1846528,1846528,0,1,True,False
https://openalex.org/I4210088164,"Changchun Institute of Optics, Fine Mechanics and Physics",China,2,2,14555,14555,889980,889980,3,1,True,True
https://openalex.org/I4210102412,Yan'an University,China,2,2,12196,12196,247296,247296,0,0,False,False
https://openalex.org/I4510145,Jiangxi University of Science and Technology,China,2,2,17249,17249,734568,734568,0,0,False,False
https://openalex.org/I4210152042,Beijing Polytechnic,China,2,2,3854,3854,48408,48408,0,0,False,False
https://openalex.org/I79223203,Guangdong Ocean University,China,2,2,16429,16429,603124,603124,0,0,False,False
https://openalex.org/I9086337,Taiyuan University of Technology,China,2,2,45664,45664,2282203,2282203,0,0,False,False
https://openalex.org/I78974044,East China University of Political Science and Law,China,2,2,3697,3697,19813,19813,0,0,False,False
https://openalex.org/I919571938,The University of Texas Health Science Center at Houston,United States,2,2,140135,140135,7422072,7422072,0,1,True,False
https://openalex.org/I167027274,Nanjing Forestry University,China,2,2,46257,46257,2408855,2408855,0,0,False,False
https://openalex.org/I85430964,Jinzhou Medical University,China,2,2,9800,9800,328673,328673,0,0,False,False
https://openalex.org/I4210156804,First Affiliated Hospital of Zhengzhou University,China,2,2,38989,38989,2054091,2054091,0,0,False,False
https://openalex.org/I96733725,Shanghai Maritime University,China,2,2,21221,21221,574884,574884,0,0,False,False
https://openalex.org/I92178344,Anhui University of Technology,China,2,2,19943,19943,829777,829777,0,0,False,False
https://openalex.org/I2250653659,Tencent (China),China,2,2,9608,9608,731428,731428,0,0,False,False
https://openalex.org/I1343551460,The University of Texas MD Anderson Cancer Center,United States,2,2,166081,166081,32182832,32182832,0,1,True,False
https://openalex.org/I4210152119,Jiangsu Province Hospital,China,2,2,34103,34103,2193953,2193953,0,0,False,False
https://openalex.org/I80626142,Henan Medical University,China,2,2,13387,13387,555444,555444,0,0,False,False
https://openalex.org/I27357992,Dalian University of Technology,China,2,2,134795,134795,9131427,9131427,5,0,False,True
https://openalex.org/I4210090176,Institute of Computing Technology,China,2,2,18194,18194,977785,977785,1,1,True,True
https://openalex.org/I4210134982,Institute of Microbiology,China,2,2,17238,17238,2294193,2294193,2,1,True,True
https://openalex.org/I172675005,Nanyang Technological University,Singapore,2,2,190243,190243,17051807,17051807,2,0,False,True
https://openalex.org/I135237710,Zhejiang Normal University,China,2,2,33925,33925,1676053,1676053,0,0,False,False
https://openalex.org/I4210147745,West Anhui University,China,2,2,3751,3751,60395,60395,0,0,False,False
https://openalex.org/I38877650,Zhengzhou University,China,2,2,117082,117082,6908670,6908670,0,0,False,False
https://openalex.org/I25399270,Southwest Forestry University,China,2,2,15031,15031,334041,334041,0,0,False,False
https://openalex.org/I2801228662,Peking Union Medical College Hospital,China,2,2,79396,79396,3452054,3452054,0,0,False,False
https://openalex.org/I4210127074,Zhongshan Hospital,China,2,2,41334,41334,3174341,3174341,0,0,False,False
https://openalex.org/I4210094216,National Synchrotron Radiation Research Center,Taiwan,2,2,9348,9348,493734,493734,0,1,True,False
https://openalex.org/I200296433,Chinese Academy of Medical Sciences & Peking Union Medical College,China,2,2,191194,191194,16452616,16452616,3,0,False,True
https://openalex.org/I103890011,Shenyang Pharmaceutical University,China,2,2,20877,20877,1764921,1764921,0,0,False,False
https://openalex.org/I52357470,The Ohio State University,United States,2,2,364235,364235,27897666,27897666,8,1,True,True
https://openalex.org/I4210098034,Key Laboratory of Guangdong Province,China,2,2,20049,20049,1507114,1507114,0,0,False,False
https://openalex.org/I57206974,New York University,United States,2,2,270476,270476,25773882,25773882,6,0,False,True
https://openalex.org/I88830068,Shaanxi Normal University,China,2,2,43339,43339,2408461,2408461,0,0,False,False
https://openalex.org/I98358874,Delft University of Technology,The Netherlands,2,2,171295,171295,10573107,10573107,2,0,False,True
https://openalex.org/I162868743,Tianjin University,China,2,2,166003,166003,11934087,11934087,4,0,False,True
https://openalex.org/I44445938,Shandong Jianzhu University,China,2,2,12805,12805,294259,294259,1,0,False,True
https://openalex.org/I145311948,Johns Hopkins University,United States,2,2,484758,484758,71459553,71459553,13,0,False,True
https://openalex.org/I4210110024,Institute of Applied Ecology,China,2,2,9982,9982,778768,778768,0,1,True,False
https://openalex.org/I862669128,Xiaomi (China),China,1,1,1824,1824,43535,43535,0,0,False,False
https://openalex.org/I4210165339,Ningbo Institute of Industrial Technology,China,1,1,17393,17393,2277932,2277932,0,1,True,False
https://openalex.org/I44673925,Inner Mongolia Medical University,China,1,1,8164,8164,182871,182871,0,0,False,False
https://openalex.org/I166846921,Liaoning Shihua University,China,1,1,10605,10605,263841,263841,0,0,False,False
https://openalex.org/I70908550,Anhui Polytechnic University,China,1,1,10573,10573,277966,277966,0,0,False,False
https://openalex.org/I4210166576,First Affiliated Hospital Zhejiang University,China,1,1,23547,23547,1502774,1502774,0,0,False,False
https://openalex.org/I98381234,University of Oulu,Finland,1,1,73651,73651,5707793,5707793,0,0,False,False
https://openalex.org/I4210163926,Zhejiang Medicine (China),China,1,1,3937,3937,142582,142582,0,0,False,False
https://openalex.org/I4210139237,First Hospital of Jiaxing,China,1,1,4965,4965,83642,83642,0,0,False,False
https://openalex.org/I151934421,University of Northern British Columbia,Canada,1,1,11858,11858,341752,341752,1,0,False,True
https://openalex.org/I4210092224,Heilongjiang Academy of Sciences,China,1,1,3637,3637,158667,158667,0,0,False,False
https://openalex.org/I4210132906,Xuzhou Central Hospital,China,1,1,4490,4490,139074,139074,0,0,False,False
https://openalex.org/I4210135988,Shanghai Traditional Chinese Medicine Hospital,China,1,1,3292,3292,58667,58667,0,0,False,False
https://openalex.org/I6059380,University of Baltimore,United States,1,1,27802,27802,1833659,1833659,0,1,True,False
https://openalex.org/I4210134393,China National Chemical Engineering (China),China,1,1,884,884,12875,12875,0,0,False,False
https://openalex.org/I4210167079,Nano Carbon (Poland),Poland,1,1,3444,3444,87192,87192,0,0,False,False
https://openalex.org/I10660446,Kunming University of Science and Technology,China,1,1,58292,58292,2572355,2572355,0,0,False,False
https://openalex.org/I111483173,King University,United States,1,1,8748,8748,203479,203479,0,0,False,False
https://openalex.org/I20942203,Hainan University,China,1,1,41932,41932,1581490,1581490,0,0,False,False
https://openalex.org/I4210112150,Institute of Automation,China,1,1,13907,13907,1089648,1089648,2,1,True,True
https://openalex.org/I4210122600,Hunan Academy of Traditional Chinese Medicine,China,1,1,1935,1935,35612,35612,0,0,False,False
https://openalex.org/I118987531,Anhui Jianzhu University,China,1,1,6837,6837,192661,192661,0,0,False,False
https://openalex.org/I4210161528,Qilu Hospital of Shandong University,China,1,1,28451,28451,1725590,1725590,0,0,False,False
https://openalex.org/I27577105,University College Cork,Ireland,1,1,61475,61475,4425378,4425378,3,1,True,True
https://openalex.org/I4210130203,Intelligent Automation (United States),United States,1,1,1111,1111,41542,41542,0,0,False,False
https://openalex.org/I4210090615,Hospital of Hebei Province,China,1,1,4746,4746,109744,109744,0,0,False,False
https://openalex.org/I4210120546,Gansu Coalfield Geology Bureau,China,1,1,1685,1685,12347,12347,0,0,False,False
https://openalex.org/I903994226,Xuchang University,China,1,1,6581,6581,131518,131518,0,0,False,False
https://openalex.org/I4210163340,National Livestock Breeding Center,Japan,1,1,957,957,44984,44984,0,0,False,False
https://openalex.org/I59553526,Stony Brook University,United States,1,1,126576,126576,13165490,13165490,1,1,True,True
https://openalex.org/I4210142178,Hangzhou DAC Biotech (China),China,1,1,933,933,17803,17803,0,0,False,False
https://openalex.org/I71920554,King Abdullah University of Science and Technology,Saudi Arabia,1,1,47601,47601,4719160,4719160,0,0,False,False
https://openalex.org/I4210144384,Third Affiliated Hospital of Zhengzhou University,China,1,1,4383,4383,135729,135729,0,0,False,False
https://openalex.org/I4210158318,Second Affiliated Hospital of Zhejiang University,China,1,1,29957,29957,2085072,2085072,0,0,False,False
https://openalex.org/I4210103786,"National University Cancer Institute, Singapore",Singapore,1,1,6326,6326,768924,768924,0,1,True,False
https://openalex.org/I4210131649,China Automotive Engineering Research Institute,China,1,1,2606,2606,36275,36275,0,0,False,False
https://openalex.org/I4210147433,Beijing Friendship Hospital,China,1,1,14568,14568,507446,507446,0,0,False,False
https://openalex.org/I4210156847,Institute of Grassland Research,China,1,1,4515,4515,210347,210347,0,3,True,False
https://openalex.org/I4210154159,Xihu Institute of Electronic Research,China,1,1,127,127,680,680,0,0,False,False
https://openalex.org/I60837268,King Mongkut's University of Technology Thonburi,Thailand,1,1,18494,18494,688990,688990,0,0,False,False
https://openalex.org/I199305430,Nantong University,China,1,1,54278,54278,2128365,2128365,0,0,False,False
https://openalex.org/I1315852903,Japan Agency for Marine-Earth Science and Technology,Japan,1,1,27357,27357,1320711,1320711,1,0,False,True
https://openalex.org/I110440473,Xi'an University of Science and Technology,China,1,1,24036,24036,783586,783586,0,0,False,False
https://openalex.org/I4387156398,RIKEN Center for Quantum Computing,Japan,1,1,495,495,14221,14221,0,1,True,False
https://openalex.org/I4210167213,Lu'an First People's Hospital,China,1,1,1137,1137,19284,19284,0,0,False,False
https://openalex.org/I4210093674,Zhoukou Normal University,China,1,1,5598,5598,126385,126385,0,0,False,False
https://openalex.org/I118803816,Liaoning University,China,1,1,17839,17839,661745,661745,0,0,False,False
https://openalex.org/I4210145164,Scientific Methods (United States),United States,1,1,798,798,10821,10821,0,0,False,False
https://openalex.org/I867306930,Power Grid Corporation (India),India,1,1,4611,4611,22386,22386,0,0,False,False
https://openalex.org/I168879160,Zhejiang University of Science and Technology,China,1,1,21617,21617,745948,745948,0,0,False,False
https://openalex.org/I39333907,Yanshan University,China,1,1,39778,39778,1910919,1910919,1,0,False,True
https://openalex.org/I4210145660,Bio-Medical Science (South Korea),South Korea,1,1,13563,13563,181491,181491,0,0,False,False
https://openalex.org/I4210126705,Guangzhou Urban Planning Survey & Design Institute,China,1,1,1033,1033,18434,18434,0,0,False,False
https://openalex.org/I43337087,Hebei University,China,1,1,37931,37931,1231527,1231527,0,0,False,False
https://openalex.org/I47834966,Framingham State University,United States,1,1,2498,2498,177923,177923,1,0,False,True
https://openalex.org/I4210106122,Southern Marine Science and Engineering Guangdong Laboratory (Guangzhou),China,1,1,20188,20188,779601,779601,0,0,False,False
https://openalex.org/I63371133,Chongqing Jiaotong University,China,1,1,18094,18094,360089,360089,0,0,False,False
https://openalex.org/I97009856,Bohai University,China,1,1,12174,12174,543176,543176,0,0,False,False
https://openalex.org/I74837319,Jiangxi Agricultural University,China,1,1,15982,15982,685430,685430,0,0,False,False
https://openalex.org/I4210118977,Shanghai Tunnel Engineering Rail Transit Design & Research Institute,China,1,1,1757,1757,23360,23360,0,0,False,False
https://openalex.org/I102208913,Shihezi University,China,1,1,26008,26008,1005838,1005838,0,0,False,False
https://openalex.org/I4210145292,Shenzhen University Health Science Center,China,1,1,8118,8118,602289,602289,0,0,False,False
https://openalex.org/I46305995,Taiyuan University of Science and Technology,China,1,1,15384,15384,376686,376686,0,0,False,False
https://openalex.org/I4210151929,Nanning Normal University,China,1,1,8936,8936,169983,169983,0,0,False,False
https://openalex.org/I151893264,Jiamusi University,China,1,1,8090,8090,156772,156772,0,0,False,False
https://openalex.org/I4210132733,Hunan Children's Hospital,China,1,1,3150,3150,58326,58326,0,0,False,False
https://openalex.org/I4210146741,Jiangmen Central Hospital,China,1,1,3930,3930,63449,63449,0,0,False,False
https://openalex.org/I4210102587,Pharmaron (United Kingdom),United Kingdom,1,1,212,212,3227,3227,0,0,False,False
https://openalex.org/I4210107780,Xi'an Medical University,China,1,1,7321,7321,179889,179889,0,0,False,False
https://openalex.org/I32078218,National Penghu University of Science and Technology,Taiwan,1,1,1759,1759,41322,41322,0,0,False,False
https://openalex.org/I99041443,Mississippi State University,United States,1,1,51520,51520,2432905,2432905,0,1,True,False
https://openalex.org/I4210095439,Guizhou Minzu University,China,1,1,6045,6045,124979,124979,0,0,False,False
https://openalex.org/I169689159,PLA Information Engineering University,China,1,1,12226,12226,137959,137959,0,0,False,False
https://openalex.org/I94658018,University of Memphis,United States,1,1,36816,36816,1777615,1777615,0,0,False,False
https://openalex.org/I4210108480,Second Affiliated Hospital of Nanchang University,China,1,1,12362,12362,545053,545053,0,0,False,False
https://openalex.org/I146620803,Wenzhou University,China,1,1,26086,26086,1281542,1281542,0,0,False,False
https://openalex.org/I4392738231,State Key Laboratory of Automotive Simulation and Control,China,1,1,3530,3530,272469,272469,0,1,True,False
https://openalex.org/I4387154005,State Key Laboratory of Digital Medical Engineering,China,1,1,5057,5057,714208,714208,0,1,True,False
https://openalex.org/I161350542,China Three Gorges University,China,1,1,25726,25726,863312,863312,0,0,False,False
https://openalex.org/I163151501,Hangzhou Normal University,China,1,1,26960,26960,1338176,1338176,0,0,False,False
https://openalex.org/I951315,Graduate Institute of International and Development Studies,Switzerland,1,1,8177,8177,142245,142245,0,0,False,False
https://openalex.org/I111381250,Hebei Medical University,China,1,1,42139,42139,1635867,1635867,0,0,False,False
https://openalex.org/I253932293,Anhui University of Traditional Chinese Medicine,China,1,1,9880,9880,355297,355297,0,0,False,False
https://openalex.org/I176134282,Guilin Medical University,China,1,1,7587,7587,277386,277386,0,0,False,False
https://openalex.org/I4210166261,Ningbo First Hospital,China,1,1,4382,4382,113670,113670,0,0,False,False
https://openalex.org/I4210133939,181st Hospital of Chinese People's Liberation Army,China,1,1,879,879,21135,21135,0,0,False,False
https://openalex.org/I4210153035,Shanghai Construction Group (China),China,1,1,1582,1582,13758,13758,0,0,False,False
https://openalex.org/I93477617,Huizhou University,China,1,1,6883,6883,87768,87768,0,0,False,False
https://openalex.org/I4210134617,Second Affiliated Hospital of Fujian Medical University,China,1,1,4992,4992,129444,129444,0,0,False,False
https://openalex.org/I4210091332,Institute of High Pressure Physics,Poland,1,1,3758,3758,196050,196050,0,1,True,False
https://openalex.org/I81844223,Fairchild Semiconductor (United States),United States,1,1,2653,2653,239086,239086,0,0,False,False
https://openalex.org/I95946905,Hebei GEO University,China,1,1,5387,5387,79803,79803,0,0,False,False
https://openalex.org/I48076826,Chiang Mai University,Thailand,1,1,47712,47712,1812222,1812222,1,0,False,True
https://openalex.org/I142974352,National Sun Yat-sen University,Taiwan,1,1,41045,41045,1725241,1725241,0,0,False,False
https://openalex.org/I2799637951,Abraham Baldwin Agricultural College,United States,1,1,296,296,3739,3739,0,1,True,False
https://openalex.org/I4210161892,First People's Hospital of Chongqing,China,1,1,7128,7128,170110,170110,0,0,False,False
https://openalex.org/I4210161462,Heilongjiang Institute of Technology,China,1,1,13061,13061,394590,394590,0,0,False,False
https://openalex.org/I47508984,Imperial College London,United Kingdom,1,1,377370,377370,40358634,40358634,5,0,False,True
https://openalex.org/I180726961,Shenzhen University,China,1,1,91384,91384,5562926,5562926,2,0,False,True
https://openalex.org/I4210119942,Wuhan Textile University,China,1,1,12859,12859,690773,690773,0,0,False,False
https://openalex.org/I51601045,University of Bath,United Kingdom,1,1,74023,74023,4332458,4332458,0,0,False,False
https://openalex.org/I4210163399,Shandong First Medical University,China,1,1,40323,40323,1998393,1998393,0,0,False,False
https://openalex.org/I4210108633,Aba Teachers University,China,1,1,1137,1137,5372,5372,0,0,False,False
https://openalex.org/I4210131125,Huanghuai University,China,1,1,3520,3520,49286,49286,0,0,False,False
https://openalex.org/I2722730,Inner Mongolia University,China,1,1,23335,23335,780027,780027,0,0,False,False
https://openalex.org/I4210100255,Beijing Academy of Artificial Intelligence,China,1,1,11154,11154,418644,418644,0,0,False,False
https://openalex.org/I67031392,Carleton University,Canada,1,1,76337,76337,4386017,4386017,1,0,False,True
https://openalex.org/I4210160507,Center for Life Sciences,China,1,1,14779,14779,2295717,2295717,0,2,True,False
https://openalex.org/I4210155731,Jiangxi Academy of Sciences,China,1,1,2900,2900,95525,95525,0,0,False,False
https://openalex.org/I36788626,California University of Pennsylvania,United States,1,1,66477,66477,2560757,2560757,0,1,True,False
https://openalex.org/I34949971,University of Jinan,China,1,1,35504,35504,2214927,2214927,0,0,False,False
https://openalex.org/I4210147887,Institute of Hematology & Blood Diseases Hospital,China,1,1,6893,6893,456504,456504,0,0,False,False
https://openalex.org/I4210126060,First Affiliated Hospital of GuangXi Medical University,China,1,1,18665,18665,777240,777240,0,0,False,False
https://openalex.org/I53411278,Chengdu University of Traditional Chinese Medicine,China,1,1,21134,21134,1067863,1067863,0,0,False,False
https://openalex.org/I148099405,Xi'an University of Architecture and Technology,China,1,1,28027,28027,1290966,1290966,0,0,False,False
https://openalex.org/I4210127460,Ningxia Medical University,China,1,1,15870,15870,596102,596102,0,0,False,False
https://openalex.org/I87710204,Beijing Sport University,China,1,1,7079,7079,94592,94592,0,0,False,False
https://openalex.org/I4401726859,Kuaishou (China),China,1,1,719,719,40446,40446,0,0,False,False
https://openalex.org/I90727586,Zhejiang University of Finance and Economics,China,1,1,8542,8542,195205,195205,0,0,False,False
https://openalex.org/I4391768066,State Key Laboratory of Space Weather,China,1,1,141,141,3717,3717,0,2,True,False
https://openalex.org/I4210159426,Hunan Institute of Mental Health,China,1,1,769,769,45187,45187,0,0,False,False
https://openalex.org/I4210131712,Oklahoma State University Oklahoma City,United States,1,1,17142,17142,418635,418635,0,1,True,False
https://openalex.org/I75689368,Communication University of China,China,1,1,11636,11636,142406,142406,1,0,False,True
https://openalex.org/I4210157719,Yancheng Institute of Technology,China,1,1,12524,12524,408640,408640,0,0,False,False
https://openalex.org/I55654194,Inner Mongolia University of Technology,China,1,1,10477,10477,280609,280609,0,0,False,False
https://openalex.org/I129604602,The University of Sydney,Australia,1,1,328045,328045,25751954,25751954,3,0,False,True
https://openalex.org/I2800091995,West China Medical Center of Sichuan University,China,1,1,11061,11061,460829,460829,0,1,True,False
https://openalex.org/I27781120,Wenzhou Medical University,China,1,1,68884,68884,4623275,4623275,0,0,False,False
https://openalex.org/I4392738069,"SINOPEC Research Institute of Safety Engineering Co., Ltd.",China,1,1,522,522,14558,14558,0,0,False,False
https://openalex.org/I4210143029,Guangxi Research Institute of Chemical Industry,China,1,1,1147,1147,10360,10360,0,0,False,False
https://openalex.org/I165745306,Southwest Petroleum University,China,1,1,31637,31637,1384317,1384317,0,0,False,False
https://openalex.org/I4210146866,Brunei Polytechnic,Brunei,1,1,396,396,7085,7085,0,0,False,False
https://openalex.org/I4210115928,Changhai Hospital,China,1,1,18579,18579,1239244,1239244,0,0,False,False
https://openalex.org/I206451062,"University of Architecture, Civil Engineering and Geodesy",Bulgaria,1,1,3174,3174,27649,27649,0,0,False,False
https://openalex.org/I4210153755,University Hospital Cologne,Germany,1,1,31276,31276,2527650,2527650,8,0,False,True
https://openalex.org/I23171815,Zhengzhou University of Light Industry,China,1,1,16192,16192,716269,716269,0,0,False,False
https://openalex.org/I4391767820,State Key Laboratory of Computer Science,China,1,1,418,418,10458,10458,0,2,True,False
https://openalex.org/I4210090489,State Key Laboratory of Pollution Control and Resource Reuse,China,1,1,20177,20177,3028437,3028437,0,2,True,False
https://openalex.org/I4390039234,Indiana University Melvin and Bren Simon Comprehensive Cancer Center,United States,1,1,1290,1290,91964,91964,0,1,True,False
https://openalex.org/I4210092495,Suzhou Institute of Nano-tech and Nano-bionics,China,1,1,8265,8265,1242135,1242135,0,1,True,False
https://openalex.org/I4210107668,Guangzhou Regenerative Medicine and Health Guangdong Laboratory,China,1,1,2479,2479,231778,231778,0,0,False,False
https://openalex.org/I86501945,University of Delaware,United States,1,1,94637,94637,6801309,6801309,6,0,False,True
https://openalex.org/I4210164282,Entrepreneurial Ecosystems,United States,1,1,3286,3286,75959,75959,0,0,False,False
https://openalex.org/I18452120,Yantai University,China,1,1,23603,23603,868633,868633,0,0,False,False
https://openalex.org/I42852656,Shenyang University,China,1,1,7983,7983,149578,149578,0,0,False,False
https://openalex.org/I4210125036,Tianjin Central Hospital of Gynecology Obstetrics,China,1,1,1438,1438,36071,36071,0,0,False,False
https://openalex.org/I49232843,Changchun University,China,1,1,12225,12225,189784,189784,0,0,False,False
https://openalex.org/I46482218,Anqing Normal University,China,1,1,6680,6680,111960,111960,0,0,False,False
https://openalex.org/I4210164150,Shanghai Center for Brain Science and Brain-Inspired Technology,China,1,1,5082,5082,258887,258887,0,0,False,False
https://openalex.org/I4210163319,Anyang Tumor Hospital,China,1,1,1297,1297,28690,28690,0,0,False,False
https://openalex.org/I4210098205,State Key Laboratory of Oil and Gas Reservoir Geology and Exploitation,China,1,1,15038,15038,738836,738836,0,0,False,False
https://openalex.org/I202126657,Qufu Normal University,China,1,1,22931,22931,833694,833694,0,0,False,False
https://openalex.org/I154864474,National Taiwan University of Science and Technology,Taiwan,1,1,37121,37121,1834027,1834027,0,0,False,False
https://openalex.org/I32574673,Shantou University,China,1,1,34101,34101,1723814,1723814,0,0,False,False
https://openalex.org/I4210146205,Obstetrics and Gynecology Hospital of Fudan University,China,1,1,8337,8337,411622,411622,0,0,False,False
https://openalex.org/I2802505932,China Aerodynamics Research and Development Center,China,1,1,7793,7793,142259,142259,1,0,False,True
https://openalex.org/I4210147389,Hunan Provincial People's Hospital,China,1,1,5336,5336,152474,152474,0,0,False,False
https://openalex.org/I4210138151,Jilin Electric Power Research Institute (China),China,1,1,2120,2120,15959,15959,0,0,False,False
https://openalex.org/I4210136868,New Technology (Israel),Israel,1,1,2559,2559,83430,83430,0,0,False,False
https://openalex.org/I101479585,South China Agricultural University,China,1,1,55389,55389,3894014,3894014,1,0,False,True
https://openalex.org/I4210124949,Microsoft Research (India),India,1,1,2881,2881,217137,217137,0,1,True,False
https://openalex.org/I4210138055,Agriculture and Food,Australia,1,1,18412,18412,1359758,1359758,0,1,True,False
https://openalex.org/I4210154851,Hubei University of Education,China,1,1,3074,3074,42806,42806,0,0,False,False
https://openalex.org/I4210156165,Lenovo (China),China,1,1,1254,1254,36694,36694,2,0,False,True
https://openalex.org/I4401726965,Boston Consulting Group (United States),United States,1,1,557,557,31856,31856,0,0,False,False
https://openalex.org/I40246663,Chinese Academy of Engineering,China,1,1,4889,4889,100489,100489,0,0,False,False
https://openalex.org/I4210121771,First Affiliated Hospital of Xi'an Jiaotong University,China,1,1,26600,26600,1518747,1518747,0,0,False,False
https://openalex.org/I93860229,Politecnico di Milano,Italy,1,1,252829,252829,5547797,5547797,0,0,False,False
https://openalex.org/I97750245,Software (Spain),Spain,1,1,6652,6652,165415,165415,0,1,True,False
https://openalex.org/I74485261,Shandong Agricultural University,China,1,1,28747,28747,2162744,2162744,1,0,False,True
https://openalex.org/I4210105946,Suan Sunandha Rajabhat University,Thailand,1,1,3631,3631,26344,26344,0,0,False,False
https://openalex.org/I4210135742,Shanghai First People's Hospital,China,1,1,16101,16101,1102965,1102965,0,0,False,False
https://openalex.org/I64449678,Putian University,China,1,1,6591,6591,69549,69549,0,0,False,False
https://openalex.org/I4210137574,Cells Therapy (Poland),Poland,1,1,510,510,32858,32858,0,0,False,False
https://openalex.org/I193427800,Applied Materials (United States),United States,1,1,3407,3407,137815,137815,4,0,False,True
https://openalex.org/I290007724,Qinghai University for Nationalities,China,1,1,2536,2536,24073,24073,0,0,False,False
https://openalex.org/I16365422,Hefei University of Technology,China,1,1,65612,65612,3183323,3183323,0,0,False,False
https://openalex.org/I58200834,Southern Medical University,China,1,1,85641,85641,5929134,5929134,0,0,False,False
https://openalex.org/I4210145005,State Key Laboratory of Vehicle NVH and Safety Technology,China,1,1,4094,4094,109722,109722,0,0,False,False
https://openalex.org/I192209268,Shaoxing University,China,1,1,14354,14354,473345,473345,0,0,False,False
https://openalex.org/I121296143,Hunan University of Science and Technology,China,1,1,19842,19842,616812,616812,0,0,False,False
https://openalex.org/I4210120169,First Affiliated Hospital of Kunming Medical University,China,1,1,9167,9167,282183,282183,1,0,False,True
https://openalex.org/I4210145338,Yunnan Institute of Tropical Crops,China,1,1,1112,1112,13072,13072,0,0,False,False
https://openalex.org/I98677209,University of Edinburgh,United Kingdom,1,1,275668,275668,25209737,25209737,18,0,False,True
https://openalex.org/I4210107698,PLA 306 Hospital,China,1,1,4209,4209,91782,91782,0,0,False,False
https://openalex.org/I4210155088,Institute of Chemistry,China,1,1,26220,26220,4518582,4518582,2,1,True,True
https://openalex.org/I4210153776,Apple (United States),United States,1,1,3015,3015,131431,131431,2,0,False,True
https://openalex.org/I4210148639,Wuhan Engineering Science & Technology Institute,China,1,1,3165,3165,133566,133566,0,0,False,False
https://openalex.org/I4391768003,State Key Laboratory of Biotherapy,China,1,1,7967,7967,1605212,1605212,0,1,True,False
https://openalex.org/I38706770,Guilin University of Technology,China,1,1,21640,21640,789292,789292,0,0,False,False
https://openalex.org/I98301712,Baidu (China),China,1,1,6425,6425,429528,429528,0,0,False,False
https://openalex.org/I4210129545,Grinm Advanced Materials (China),China,1,1,1718,1718,91463,91463,0,0,False,False
https://openalex.org/I4210156501,First Affiliated Hospital of Harbin Medical University,China,1,1,13722,13722,886074,886074,0,0,False,False
https://openalex.org/I96673099,Technical University of Denmark,Denmark,1,1,146575,146575,11579666,11579666,2,0,False,True
https://openalex.org/I1291425158,Google (United States),United States,1,1,80995,80995,11722588,11722588,7,1,True,True
https://openalex.org/I4210159340,The Synergetic Innovation Center for Advanced Materials,China,1,1,7277,7277,1416278,1416278,0,4,True,False
https://openalex.org/I4391768000,State Key Laboratory of Agricultural Microbiology,China,1,1,397,397,56900,56900,0,1,True,False
https://openalex.org/I4210149693,Chinese Academy of Science and Technology for Development,China,1,1,593,593,8790,8790,0,1,True,False
https://openalex.org/I4829542,RheinMain University of Applied Sciences,Germany,1,1,2887,2887,31422,31422,0,0,False,False
https://openalex.org/I61372060,PA Consulting Group,United Kingdom,1,1,943,943,18500,18500,0,0,False,False
https://openalex.org/I4210163591,Shanghai Zhabei District Shibei Hospital,China,1,1,696,696,12727,12727,0,0,False,False
https://openalex.org/I4210089985,Amazon (Germany),Germany,1,1,7328,7328,99161,99161,0,1,True,False
https://openalex.org/I4210112820,Shanghai Institute of Materia Medica,China,1,1,16069,16069,2178754,2178754,1,1,True,True
https://openalex.org/I4396570617,Chinese People's Armed Police Force,China,1,1,6906,6906,159511,159511,1,1,True,True
https://openalex.org/I205349734,Hokkaido University,Japan,1,1,251965,251965,11353023,11353023,0,0,False,False
https://openalex.org/I875722105,Chubu Electric Power (Japan),Japan,1,1,3068,3068,59909,59909,0,0,False,False
https://openalex.org/I157725225,University of Illinois Urbana-Champaign,United States,1,1,325069,325069,31335779,31335779,7,1,True,True
https://openalex.org/I1305126327,Zibo Vocational Institute,China,1,1,2403,2403,9606,9606,0,0,False,False
https://openalex.org/I4210125143,Chengdu University,China,1,1,30772,30772,1743287,1743287,0,0,False,False
https://openalex.org/I4210127658,Ministry of Natural Resources,Rwanda,1,1,2879,2879,35935,35935,0,0,False,False
https://openalex.org/I4210115513,Xi’an University,China,1,1,11826,11826,360748,360748,0,0,False,False
https://openalex.org/I31847773,Zhejiang Ocean University,China,1,1,19743,19743,811958,811958,0,0,False,False
https://openalex.org/I4210144142,Hangzhou Institute of Applied Acoustics,China,1,1,1183,1183,8387,8387,0,0,False,False
https://openalex.org/I4210146387,Guang’anmen Hospital,China,1,1,6045,6045,308273,308273,0,0,False,False
https://openalex.org/I4210156545,Dongyang People's Hospital,China,1,1,3267,3267,54103,54103,0,0,False,False
https://openalex.org/I4210126525,Southwest Florida Research,United States,1,1,3236,3236,112130,112130,0,0,False,False
https://openalex.org/I4210134794,Shandong Institute of Quantum Science and Technology,China,1,1,116,116,2225,2225,0,0,False,False
https://openalex.org/I4210123254,Thermal Power Research Institute,China,1,1,3084,3084,46389,46389,0,0,False,False
https://openalex.org/I4210118728,State Key Laboratory of Information Engineering in Surveying Mapping and Remote Sensing,China,1,1,12136,12136,890268,890268,0,0,False,False
https://openalex.org/I4210166347,S.P.E.C.I.E.S.,United States,1,1,10293,10293,600904,600904,0,0,False,False
https://openalex.org/I150229711,University of Electronic Science and Technology of China,China,1,1,140166,140166,7265105,7265105,1,0,False,True
https://openalex.org/I4387154354,Innovation Academy for Microsatellites of Chinese Academy of Sciences,China,1,1,693,693,20973,20973,0,1,True,False
https://openalex.org/I4210132950,Stomatology Hospital,China,1,1,19701,19701,948388,948388,0,0,False,False
https://openalex.org/I4391768190,State Key Laboratory of Electroanalytical Chemistry,China,1,1,608,608,113405,113405,0,2,True,False
https://openalex.org/I4210166112,State Key Laboratory of Remote Sensing Science,China,1,1,13840,13840,901150,901150,0,0,False,False
https://openalex.org/I23632641,Shanghai University of Electric Power,China,1,1,14545,14545,620423,620423,0,0,False,False
https://openalex.org/I4210124297,Renal Research Institute,United States,1,1,2018,2018,181183,181183,0,0,False,False
https://openalex.org/I4210089486,Fred Hutch Cancer Center,United States,1,1,55580,55580,10484016,10484016,1,0,False,True
https://openalex.org/I4390039265,PRG S&Tech (South Korea),South Korea,1,1,3566,3566,91624,91624,0,0,False,False
https://openalex.org/I4210099373,Second Hospital of Hebei Medical University,China,1,1,10809,10809,402483,402483,0,0,False,False
https://openalex.org/I4210144404,Beijing Children’s Hospital,China,1,1,11149,11149,392368,392368,0,0,False,False
https://openalex.org/I4210095624,Alibaba Group (United States),United States,1,1,3328,3328,210303,210303,0,1,True,False
https://openalex.org/I39774598,Hefei University,China,1,1,15087,15087,969818,969818,0,0,False,False
https://openalex.org/I43439940,University of Southampton,United Kingdom,1,1,181342,181342,12571749,12571749,4,0,False,True
https://openalex.org/I39555362,University of Warwick,United Kingdom,1,1,137115,137115,8760046,8760046,0,0,False,False
https://openalex.org/I205783295,Cornell University,United States,1,1,460219,460219,52914645,52914645,13,0,False,True
https://openalex.org/I4210153623,Shanghai First Maternity and Infant Hospital,China,1,1,3416,3416,249824,249824,0,0,False,False
https://openalex.org/I146773158,Qingdao Agricultural University,China,1,1,19961,19961,914615,914615,0,0,False,False
https://openalex.org/I4210139604,305 Hospital of People Liberation Army,China,1,1,138,138,3302,3302,0,0,False,False
https://openalex.org/I4210110558,Xi'an Technological University,China,1,1,13361,13361,359025,359025,0,0,False,False
https://openalex.org/I2821654624,East Asia School of Theology,Singapore,1,1,1017,1017,23992,23992,0,0,False,False
https://openalex.org/I4210122302,ShangHai JiAi Genetics & IVF Institute,China,1,1,1507,1507,90595,90595,0,0,False,False
https://openalex.org/I4210166194,Zhejiang Academy of Forestry,China,1,1,2357,2357,52349,52349,0,0,False,False
https://openalex.org/I142263535,University of Nottingham,United Kingdom,1,1,184089,184089,13175335,13175335,4,0,False,True
https://openalex.org/I4210087107,Jiangsu Academy of Agricultural Sciences,China,1,1,12623,12623,643454,643454,1,0,False,True
https://openalex.org/I4210126248,Jiyang College of Zhejiang A&F University,China,1,1,3432,3432,50022,50022,0,0,False,False
https://openalex.org/I184983240,Northeast Normal University,China,1,1,37304,37304,2797905,2797905,0,0,False,False
https://openalex.org/I8991828,Pukyong National University,South Korea,1,1,26594,26594,1132693,1132693,0,0,False,False
https://openalex.org/I4210136793,Peng Cheng Laboratory,China,1,1,15540,15540,519262,519262,0,0,False,False
https://openalex.org/I4210143904,Rongsheng Petrochemical (China),China,1,1,853,853,4954,4954,0,0,False,False
https://openalex.org/I4210144678,China Leather and Footwear Industry Research Institute,China,1,1,689,689,19583,19583,0,0,False,False
https://openalex.org/I4210163247,Henan Institute of Science and Technology,China,1,1,11469,11469,285390,285390,0,0,False,False
https://openalex.org/I8204097,Ludwig-Maximilians-Universität München,Germany,1,1,269536,269536,27548991,27548991,27,0,False,True
https://openalex.org/I4210091044,First People's Hospital of Yunnan Province,China,1,1,5249,5249,132735,132735,0,0,False,False
https://openalex.org/I181877577,Shanxi University,China,1,1,38057,38057,1704117,1704117,1,0,False,True
https://openalex.org/I71270174,Victoria University,Australia,1,1,24227,24227,1234196,1234196,0,0,False,False
https://openalex.org/I4210120373,Geospatial Research (United Kingdom),United Kingdom,1,1,1938,1938,28970,28970,0,0,False,False
https://openalex.org/I194716290,China Academy of Space Technology,China,1,1,18132,18132,286997,286997,1,1,True,True
https://openalex.org/I198091727,Tiangong University,China,1,1,27910,27910,1392952,1392952,0,0,False,False
https://openalex.org/I4210130572,175th Hospital of People's Liberation Army,China,1,1,850,850,13426,13426,0,0,False,False
https://openalex.org/I4210096250,Beijing Institute of Big Data Research,China,1,1,5131,5131,173349,173349,0,2,True,False
https://openalex.org/I55022517,Heilongjiang University,China,1,1,20945,20945,1253762,1253762,0,0,False,False
https://openalex.org/I4210136596,First Affiliated Hospital of Anhui Medical University,China,1,1,22552,22552,927795,927795,0,0,False,False
https://openalex.org/I4210145761,Shenzhen Institutes of Advanced Technology,China,1,1,28386,28386,2277274,2277274,1,1,True,True
https://openalex.org/I4210127494,Collaborative Innovation Center of Quantum Matter,China,1,1,6551,6551,777731,777731,0,2,True,False
https://openalex.org/I111753288,Fujian Normal University,China,1,1,35325,35325,1266402,1266402,1,0,False,True
https://openalex.org/I4210149251,Hangzhou Red Cross Hospital,China,1,1,1484,1484,28727,28727,0,0,False,False
https://openalex.org/I141568987,Hong Kong Baptist University,Hong Kong,1,1,37452,37452,2258167,2258167,1,0,False,True
https://openalex.org/I4210160019,Chongqing Municipal Health Commission,China,1,1,921,921,8220,8220,0,1,True,False
https://openalex.org/I4210160618,Huawei Technologies (United Kingdom),United Kingdom,1,1,2043,2043,61781,61781,0,1,True,False
https://openalex.org/I4210113530,Hubei Provincial Water Resources and Hydropower Planning Survey and Design Institute,China,1,1,1867,1867,73073,73073,0,0,False,False
https://openalex.org/I4210143568,Central Hospital of Wuhan,China,1,1,4539,4539,459808,459808,0,0,False,False
https://openalex.org/I83791580,Fujian University of Technology,China,1,1,10041,10041,244296,244296,0,0,False,False
https://openalex.org/I4210124907,Zhongshan Hospital of Xiamen University,China,1,1,6651,6651,235249,235249,0,0,False,False
https://openalex.org/I141945490,University of British Columbia,Canada,1,1,347477,347477,31188581,31188581,8,0,False,True
https://openalex.org/I4210118629,NARI Group (China),China,1,1,7065,7065,47368,47368,0,0,False,False
https://openalex.org/I204553293,"China University of Petroleum, Beijing",China,1,1,54412,54412,2774188,2774188,2,0,False,True
https://openalex.org/I4210139958,Beijing Computational Science Research Center,China,1,1,4900,4900,274869,274869,0,0,False,False
https://openalex.org/I80849659,Instituto Nacional de Pesquisas Espaciais,Brazil,1,1,20853,20853,1315904,1315904,0,1,True,False
https://openalex.org/I62853816,Beijing University of Civil Engineering and Architecture,China,1,1,13872,13872,419000,419000,0,0,False,False
https://openalex.org/I57093077,Swinburne University of Technology,Australia,1,1,67356,67356,2800639,2800639,1,0,False,True
https://openalex.org/I4210104895,Anyang Academy of Agricultural Sciences,China,1,1,778,778,14692,14692,0,0,False,False
https://openalex.org/I4210089364,John D. Dingell VA Medical Center,United States,1,1,2010,2010,125591,125591,0,3,True,False
https://openalex.org/I2801051648,China-Japan Friendship Hospital,China,1,1,17130,17130,1168367,1168367,0,0,False,False
https://openalex.org/I96852419,Capital Normal University,China,1,1,24760,24760,897643,897643,0,0,False,False
https://openalex.org/I4210097707,People’s Hospital of Rizhao,China,1,1,3469,3469,48398,48398,0,0,False,False
https://openalex.org/I4210131271,Institute of Modern Physics,China,1,1,17992,17992,1033657,1033657,0,1,True,False
https://openalex.org/I4210090567,National Institute of Diabetes and Digestive and Kidney Diseases,United States,1,1,24705,24705,5475773,5475773,0,1,True,False
https://openalex.org/I4210091098,Cancer Hospital of Shantou University Medical College,China,1,1,2169,2169,112514,112514,0,0,False,False
https://openalex.org/I4210141776,China XD Group (China),China,1,1,9552,9552,735066,735066,0,0,False,False
https://openalex.org/I181679659,Shanghai University of Finance and Economics,China,1,1,15574,15574,278011,278011,0,0,False,False
https://openalex.org/I183519381,Capital Medical University,China,1,1,130815,130815,7841263,7841263,0,0,False,False
https://openalex.org/I49185572,Yunnan University of Finance And Economics,China,1,1,5951,5951,77649,77649,0,0,False,False
https://openalex.org/I4210120266,"Czech Academy of Sciences, Institute of Mathematics",Czechia,1,1,11044,11044,198283,198283,0,1,True,False
https://openalex.org/I4210142504,Semiconductor Manufacturing International (China),China,1,1,1334,1334,16072,16072,1,0,False,True
https://openalex.org/I4210135349,Shanghai Institute of Optics and Fine Mechanics,China,1,1,15665,15665,787849,787849,1,1,True,True
https://openalex.org/I4210104252,Air Force Engineering University,China,1,1,23196,23196,555736,555736,0,0,False,False
https://openalex.org/I82783531,Penn State Milton S. Hershey Medical Center,United States,1,1,40173,40173,2662969,2662969,0,0,False,False
https://openalex.org/I2802939634,Chinese PLA General Hospital,China,1,1,52167,52167,2696557,2696557,1,0,False,True
https://openalex.org/I3124059619,China University of Geosciences,China,1,1,65547,65547,3732001,3732001,2,0,False,True
https://openalex.org/I4210147206,Rongcheng City People's Hospital,China,1,1,687,687,6569,6569,0,0,False,False
https://openalex.org/I191996457,Dalian Medical University,China,1,1,44792,44792,2492735,2492735,0,0,False,False
https://openalex.org/I4210132741,Shanghai Tenth People's Hospital,China,1,1,13143,13143,1187984,1187984,0,0,False,False
https://openalex.org/I15062923,Tianjin Normal University,China,1,1,14993,14993,517039,517039,0,0,False,False
https://openalex.org/I28304128,Alcoa (United States),United States,1,1,3775,3775,174603,174603,5,0,False,True
https://openalex.org/I13850615,Kunming Institute of Botany,China,1,1,19799,19799,1194580,1194580,1,1,True,True
https://openalex.org/I87216513,Michigan State University,United States,1,1,241494,241494,19272545,19272545,6,0,False,True
https://openalex.org/I4210150549,Nanjing Second Hospital,China,1,1,1035,1035,26331,26331,0,0,False,False
https://openalex.org/I2800372957,China Electronics Technology Group Corporation,China,1,1,11914,11914,112980,112980,1,0,False,True
https://openalex.org/I98251732,McMaster University,Canada,1,1,179223,179223,17561213,17561213,2,0,False,True
https://openalex.org/I28407311,University of Manchester,United Kingdom,1,1,307857,307857,27723253,27723253,5,0,False,True
https://openalex.org/I219193219,Purdue University West Lafayette,United States,1,1,277735,277735,19748264,19748264,3,1,True,True
https://openalex.org/I4210164401,Sidney Kimmel Comprehensive Cancer Center,United States,1,1,15188,15188,4338727,4338727,0,1,True,False
https://openalex.org/I4210147332,Beijing YouAn Hospital,China,1,1,5834,5834,315564,315564,0,0,False,False
https://openalex.org/I4391768123,State Key Laboratory of Supramolecular Structure and Materials,China,1,1,6432,6432,1223671,1223671,0,1,True,False
https://openalex.org/I4387152340,Institute of Fluid Physics,China,1,1,1883,1883,52265,52265,0,1,True,False
https://openalex.org/I30809798,ShanghaiTech University,China,1,1,22993,22993,1701675,1701675,0,0,False,False
https://openalex.org/I4210094772,Henan University of Engineering,China,1,1,6625,6625,144210,144210,0,0,False,False
https://openalex.org/I2800762105,Shatin Hospital,China,1,1,951,951,92635,92635,0,1,True,False
https://openalex.org/I159385669,Chiba University,Japan,1,1,84469,84469,5612509,5612509,1,0,False,True
https://openalex.org/I4210155511,First Affiliated Hospital of Henan University,China,1,1,6762,6762,234778,234778,0,0,False,False
https://openalex.org/I4210154593,Beijing Shijitan Hospital,China,1,1,6020,6020,230849,230849,0,0,False,False
https://openalex.org/I76835614,University of Missouri,United States,1,1,130400,130400,8616733,8616733,0,1,True,False
https://openalex.org/I130828816,University of Leeds,United Kingdom,1,1,191401,191401,13297618,13297618,2,0,False,True
https://openalex.org/I2801618472,PLA Rocket Force University of Engineering,China,1,1,5489,5489,49795,49795,0,0,False,False
https://openalex.org/I170751988,Shanxi University of Finance and Economics,China,1,1,4205,4205,45026,45026,0,0,False,False
https://openalex.org/I4210103894,Hefei National Center for Physical Sciences at Nanoscale,China,1,1,17457,17457,3553013,3553013,0,2,True,False
https://openalex.org/I92446798,Colorado State University,United States,1,1,121024,121024,9324931,9324931,5,1,True,True
https://openalex.org/I16733864,National Taiwan University,Taiwan,1,1,167910,167910,12341732,12341732,0,0,False,False
https://openalex.org/I91136226,University of Sheffield,United Kingdom,1,1,186677,186677,15345266,15345266,3,0,False,True
https://openalex.org/I4210116866,Public Health Dayton & Montgomery County,United States,1,1,6247,6247,89168,89168,0,0,False,False
https://openalex.org/I4210145500,Guizhou Electric Power Design and Research Institute,China,1,1,6684,6684,53747,53747,0,0,False,False
https://openalex.org/I4210113968,Mars (United States),United States,1,1,307,307,38454,38454,5,0,False,True
https://openalex.org/I4210105374,Beibu Gulf University,China,1,1,4495,4495,29478,29478,0,0,False,False
https://openalex.org/I4210099903,Nokia (China),China,1,1,1140,1140,37715,37715,0,1,True,False
https://openalex.org/I4210093412,Changzhou Vocational Institute of Textile and Garment,China,1,1,929,929,6335,6335,0,0,False,False
https://openalex.org/I4210142228,MSCI (China),China,1,1,229,229,3714,3714,0,0,False,False
https://openalex.org/I4210162753,First Affiliated Hospital of Jinan University,China,1,1,13505,13505,553542,553542,0,0,False,False
https://openalex.org/I36296616,Hoshi University,Japan,1,1,6724,6724,456069,456069,0,0,False,False
https://openalex.org/I4210152679,Plant Industry,Australia,1,1,7519,7519,1432015,1432015,0,1,True,False
https://openalex.org/I137902535,North Carolina State University,United States,1,1,180473,180473,11771179,11771179,11,1,True,True
https://openalex.org/I112260969,Ontario Institute for Cancer Research,Canada,1,1,13718,13718,4822885,4822885,0,0,False,False
https://openalex.org/I44461941,University of Houston,United States,1,1,101787,101787,6321945,6321945,1,1,True,True
https://openalex.org/I4210139715,"Institut de Microélectronique, Electromagnétisme et Photonique",France,1,1,6156,6156,101340,101340,0,3,True,False
https://openalex.org/I4210103679,Beijing Emergency Medical Center,China,1,1,644,644,28376,28376,0,0,False,False
https://openalex.org/I148366613,National Yang Ming Chiao Tung University,Taiwan,1,1,128068,128068,7838824,7838824,1,1,True,True
https://openalex.org/I2800374468,Tzu Chi Foundation,Taiwan,1,1,3047,3047,73287,73287,0,0,False,False
https://openalex.org/I4210143271,Goodyear (United States),United States,1,1,2691,2691,70192,70192,2,0,False,True
https://openalex.org/I19880235,Lomonosov Moscow State University,Russia,1,1,200484,200484,8813288,8813288,0,0,False,False
https://openalex.org/I200769079,Hong Kong University of Science and Technology,Hong Kong,1,1,92341,92341,8314735,8314735,5,0,False,True
https://openalex.org/I8692664,University of Oklahoma,United States,1,1,87860,87860,6260604,6260604,4,0,False,True
https://openalex.org/I79272384,"University of Maryland, Baltimore County",United States,1,1,35802,35802,2164974,2164974,0,1,True,False
https://openalex.org/I4210146711,Sun Yat-sen University Cancer Center,China,1,1,30076,30076,3464977,3464977,0,0,False,False
https://openalex.org/I4210141657,Jiangsu Center for Collaborative Innovation in Geographical Information Resource Development and Application,China,1,1,5106,5106,292604,292604,0,1,True,False
https://openalex.org/I4210106325,Shandong Academy of Agricultural Sciences,China,1,1,8965,8965,400525,400525,0,0,False,False
https://openalex.org/I4210163048,Jiangxi College of Applied Technology,China,1,1,2338,2338,13351,13351,0,0,False,False
https://openalex.org/I4210100055,International Craniofacial Institute,United States,1,1,886,886,41091,41091,0,0,False,False
https://openalex.org/I4210131342,Yibin University,China,1,1,8111,8111,147632,147632,0,0,False,False
https://openalex.org/I4210135723,Shanghai Institute of Technical Physics,China,1,1,8401,8401,574932,574932,1,1,True,True
https://openalex.org/I120825670,Yunnan Normal University,China,1,1,16093,16093,411441,411441,0,0,False,False
https://openalex.org/I4210148966,Beijing Hospital of Traditional Chinese Medicine,China,1,1,5032,5032,155127,155127,0,0,False,False
https://openalex.org/I4210153300,Shanghai Research Center for Wireless Communications,China,1,1,1672,1672,40808,40808,0,0,False,False
https://openalex.org/I4391768268,State Key Laboratory of Virology,China,1,1,1047,1047,207943,207943,0,3,True,False
https://openalex.org/I4210106477,Shanghai Institutes for Biological Sciences,China,1,1,14970,14970,3655479,3655479,4,1,True,True
https://openalex.org/I4210093530,City College,United States,1,1,5700,5700,245064,245064,0,0,False,False
https://openalex.org/I130238516,University of Minnesota,United States,1,1,328880,328880,35269840,35269840,9,1,True,True
https://openalex.org/I135310074,University of Wisconsin–Madison,United States,1,1,366260,366260,41504864,41504864,5,1,True,True
https://openalex.org/I4210134929,Jilin Province Science and Technology Department,China,1,1,9739,9739,242555,242555,0,0,False,False
https://openalex.org/I4210156404,Institute of Information Engineering,China,1,1,13282,13282,370625,370625,2,1,True,True
https://openalex.org/I205237279,Nankai University,China,1,1,111559,111559,9601374,9601374,3,0,False,True
https://openalex.org/I4210160980,Medical Technology Transfer (Netherlands),Netherlands,1,1,39,39,332,332,0,0,False,False
https://openalex.org/I4210120238,PowerChina (China),China,1,1,7327,7327,89834,89834,0,0,False,False
https://openalex.org/I75917431,Nara Institute of Science and Technology,Japan,1,1,22302,22302,1814623,1814623,0,0,False,False
https://openalex.org/I4210155828,Hezhou University,China,1,1,2789,2789,45535,45535,0,0,False,False
https://openalex.org/I46975222,Yunnan University of Traditional Chinese Medicine,China,1,1,3629,3629,92414,92414,0,0,False,False
https://openalex.org/I2800959905,Liaoning University of Traditional Chinese Medicine,China,1,1,6488,6488,120032,120032,0,0,False,False
https://openalex.org/I197312921,Otterbein University,United States,1,1,1541,1541,25296,25296,0,0,False,False
https://openalex.org/I4210159329,Children's Hospital of Fudan University,China,1,1,9549,9549,540553,540553,0,0,False,False
https://openalex.org/I16609230,Hunan University,China,1,1,96537,96537,9675214,9675214,3,0,False,True
https://openalex.org/I83399316,Rockefeller University,United States,1,1,44618,44618,12324132,12324132,2,0,False,True
https://openalex.org/I4210151511,National Center for Advanced Packaging (China),China,1,1,506,506,9228,9228,0,0,False,False
https://openalex.org/I4210118524,Université Bourgogne Franche-Comté,France,1,1,38690,38690,3540923,3540923,1,0,False,True
https://openalex.org/I151727225,Harbin Engineering University,China,1,1,62017,62017,2711685,2711685,0,0,False,False
https://openalex.org/I1344073410,Howard Hughes Medical Institute,United States,1,1,96153,96153,40812083,40812083,1,0,False,True
https://openalex.org/I178645029,Illumina (United States),United States,1,1,3576,3576,1333004,1333004,2,0,False,True
https://openalex.org/I6469544,City University of Macau,Macao,1,1,12583,12583,250693,250693,0,0,False,False
https://openalex.org/I4210128921,"The First Affiliated Hospital, Sun Yat-sen University",China,1,1,48123,48123,3355868,3355868,0,0,False,False
https://openalex.org/I149240348,Jilin Normal University,China,1,1,9067,9067,348587,348587,0,0,False,False
https://openalex.org/I4210160522,China National Rice Research Institute,China,1,1,5216,5216,747839,747839,1,3,True,True
https://openalex.org/I165951966,The University of Texas at San Antonio Health Science Center,United States,1,1,69122,69122,8843004,8843004,1,1,True,True
https://openalex.org/I155673605,Union University,United States,1,1,2589,2589,95006,95006,0,0,False,False
https://openalex.org/I887846188,National Research Nuclear University MEPhI,Russia,1,1,29737,29737,2621473,2621473,3,0,False,True
https://openalex.org/I18489884,Kunming Institute of Zoology,China,1,1,10504,10504,915652,915652,1,1,True,True
https://openalex.org/I4210130999,South China Institute Of Environmental Sciences,China,1,1,2467,2467,120976,120976,0,0,False,False
https://openalex.org/I4210112595,Research Institute of Petroleum Exploration and Development,China,1,1,22775,22775,823077,823077,1,1,True,True
https://openalex.org/I4210101987,MEI Research (United States),United States,1,1,628,628,6625,6625,0,0,False,False
https://openalex.org/I4210107987,174th hospital of the People's Liberation Army,China,1,1,1073,1073,22095,22095,0,0,False,False
https://openalex.org/I2802789608,Ames National Laboratory,United States,1,1,19210,19210,1911899,1911899,0,2,True,False
https://openalex.org/I83776822,Shandong Institute of Business and Technology,China,1,1,7016,7016,90269,90269,0,0,False,False
https://openalex.org/I4210143608,Henan Cancer Hospital,China,1,1,10100,10100,404666,404666,0,0,False,False
https://openalex.org/I163770644,Okayama University,Japan,1,1,84827,84827,5173305,5173305,0,0,False,False
https://openalex.org/I106938459,University of New Brunswick,Canada,1,1,37582,37582,1841278,1841278,20,0,False,True
https://openalex.org/I4210145278,Institute of Applied Physics and Computational Mathematics,China,1,1,8923,8923,250322,250322,0,0,False,False
https://openalex.org/I4210147322,Shanghai Institute of Microsystem and Information Technology,China,1,1,13494,13494,857560,857560,2,1,True,True
https://openalex.org/I170172562,Guizhou University of Finance and Economics,China,1,1,5354,5354,76957,76957,0,0,False,False
https://openalex.org/I39694355,Hunter College,United States,1,1,22235,22235,956350,956350,0,1,True,False
https://openalex.org/I4210150362,Children's Cancer Center,United States,1,1,4646,4646,823958,823958,0,0,False,False
https://openalex.org/I1320354487,Target (United States),United States,1,1,6061,6061,479259,479259,1,0,False,True
https://openalex.org/I4210167045,Shanxi Transportation Research Institute,China,1,1,1255,1255,12977,12977,0,0,False,False
https://openalex.org/I4210120696,South China Botanical Garden,China,1,1,13819,13819,767227,767227,1,1,True,True
https://openalex.org/I28290843,University of Surrey,United Kingdom,1,1,79887,79887,3995988,3995988,0,0,False,False
https://openalex.org/I4210113195,Gannan Medical University,China,1,1,5261,5261,132412,132412,0,0,False,False
https://openalex.org/I198645480,North China University of Water Resources and Electric Power,China,1,1,15103,15103,293813,293813,0,0,False,False
https://openalex.org/I48780066,Shenyang University of Chemical Technology,China,1,1,9035,9035,266390,266390,0,0,False,False
https://openalex.org/I4210093484,Tianjin Nankai Hospital,China,1,1,2456,2456,72732,72732,0,0,False,False
https://openalex.org/I4210126304,Institute of Metal Research,China,1,1,7294,7294,334511,334511,1,1,True,True
https://openalex.org/I4210103248,Child Mind Institute,United States,1,1,1458,1458,155321,155321,0,0,False,False
https://openalex.org/I66943878,De Montfort University,United Kingdom,1,1,23012,23012,696648,696648,1,0,False,True
https://openalex.org/I5343935,Guilin University of Electronic Technology,China,1,1,28057,28057,790450,790450,0,0,False,False
https://openalex.org/I4210162228,Lifeline Hospital,India,1,1,524,524,10237,10237,0,0,False,False
https://openalex.org/I4210143016,Changchun Institute of Technology,China,1,1,6189,6189,58669,58669,0,0,False,False
https://openalex.org/I4210104314,New York Institute of Technology,United States,1,1,6046,6046,212806,212806,1,0,False,True
https://openalex.org/I210716285,University of Applied Sciences Leiden,The Netherlands,1,1,5551,5551,253459,253459,0,0,False,False
https://openalex.org/I4392021250,State Key Laboratory of Networking and Switching Technology,China,1,1,1565,1565,36687,36687,0,1,True,False
https://openalex.org/I5023651,McGill University,Canada,1,1,290247,290247,26328067,26328067,6,0,False,True
https://openalex.org/I14243506,Hong Kong Polytechnic University,Hong Kong,1,1,148892,148892,8987559,8987559,0,0,False,False
https://openalex.org/I80281795,University of Otago,New Zealand,1,1,90363,90363,6259008,6259008,2,0,False,True
https://openalex.org/I4210151337,Wuhan General Hospital of Guangzhou,China,1,1,3373,3373,119227,119227,0,0,False,False
https://openalex.org/I4210115771,Heilongjiang Academy of Forestry,China,1,1,1792,1792,17973,17973,1,0,False,True
https://openalex.org/I4210092700,Shanghai Industrial Boiler Research Institute (China),China,1,1,311,311,4991,4991,0,0,False,False
https://openalex.org/I4400573293,National Marine Data and Information Service,China,1,1,752,752,19386,19386,0,0,False,False
https://openalex.org/I8636806,University of Sousse,Tunisia,1,1,17376,17376,312796,312796,1,0,False,True
https://openalex.org/I2801168720,Yunnan Observatories,China,1,1,5403,5403,185285,185285,0,2,True,False
https://openalex.org/I4210136826,Jining First People's Hospital,China,1,1,3301,3301,103442,103442,0,0,False,False
https://openalex.org/I4210144289,Research Center for Eco-Environmental Sciences,China,1,1,25285,25285,3296228,3296228,2,1,True,True
https://openalex.org/I122411786,California Institute of Technology,United States,1,1,240146,240146,35224135,35224135,8,0,False,True
https://openalex.org/I4210147961,Tianjin Municipal Research Institute for Family Planning,China,1,1,741,741,44930,44930,0,0,False,False
https://openalex.org/I4210143875,Guangdong Province Women and Children Hospital,China,1,1,3676,3676,95445,95445,0,0,False,False
https://openalex.org/I86987016,KTH Royal Institute of Technology,Sweden,1,1,114719,114719,8023467,8023467,3,0,False,True
https://openalex.org/I4210146872,Yankton Rural Area Health Education Center,United States,1,1,420,420,6269,6269,0,0,False,False
https://openalex.org/I165779595,The University of Melbourne,Australia,1,1,338232,338232,29675055,29675055,8,0,False,True
https://openalex.org/I4210166499,Henan Polytechnic University,China,1,1,31681,31681,1040165,1040165,0,0,False,False
https://openalex.org/I40347166,University of Chicago,United States,1,1,287570,287570,33304726,33304726,3,0,False,True
https://openalex.org/I168673124,Tianjin Chengjian University,China,1,1,7472,7472,259795,259795,0,0,False,False
https://openalex.org/I4210096899,Jiangsu University of Science and Technology,China,1,1,28720,28720,1064743,1064743,0,0,False,False
https://openalex.org/I4210116219,Engineering Systems (United States),United States,1,1,10958,10958,449615,449615,0,0,False,False
https://openalex.org/I4210132981,Ningxia Water Conservancy,China,1,1,4112,4112,22443,22443,0,0,False,False
https://openalex.org/I4210159575,Huashan Hospital,China,1,1,26756,26756,1913313,1913313,0,0,False,False
https://openalex.org/I204824540,University of Wollongong,Australia,1,1,81141,81141,4946199,4946199,2,0,False,True
https://openalex.org/I880766802,Graduate School USA,United States,1,1,23680,23680,839070,839070,0,0,False,False
https://openalex.org/I159948400,Jinan University,China,1,1,69545,69545,4559658,4559658,2,0,False,True
https://openalex.org/I60134161,Nagoya University,Japan,1,1,264714,264714,14487583,14487583,0,1,True,False
https://openalex.org/I16295237,Gansu Agricultural University,China,1,1,16857,16857,627853,627853,0,0,False,False
https://openalex.org/I4210105365,Qujing Normal University,China,1,1,6654,6654,93354,93354,0,0,False,False
https://openalex.org/I4210126939,ZheJiang Academy of Agricultural Sciences,China,1,1,11534,11534,759798,759798,0,0,False,False
https://openalex.org/I47519274,Taipei Medical University,Taiwan,1,1,38638,38638,2245495,2245495,0,0,False,False
https://openalex.org/I4210140986,National Institute for Viral Disease Control and Prevention,China,1,1,5215,5215,860599,860599,0,3,True,False
https://openalex.org/I4210135457,Harbin Science and Technology Bureau,China,1,1,456,456,3127,3127,0,0,False,False
https://openalex.org/I139787848,Capital University,United States,1,1,26623,26623,253568,253568,0,0,False,False
https://openalex.org/I4210136254,Children’s Health Research Institute,Canada,1,1,2479,2479,132361,132361,0,1,True,False
https://openalex.org/I4210138704,Centre de Recherche en Acquisition et Traitement de l'Image pour la Santé,France,1,1,5573,5573,228514,228514,0,9,True,False
https://openalex.org/I154833797,Lingnan Normal University,China,1,1,7495,7495,131214,131214,0,0,False,False
https://openalex.org/I143302722,University of Kentucky,United States,1,1,159084,159084,10450382,10450382,2,0,False,True
https://openalex.org/I4387930291,Mukhametzhan Tynyshbayev ALT University,Kazakhstan,1,1,502,502,1110,1110,0,0,False,False
https://openalex.org/I4391767693,State Key Laboratory of Nuclear Physics and Technology,China,1,1,4169,4169,666295,666295,0,1,True,False
https://openalex.org/I4210142993,China Shenhua Energy (China),China,1,1,2542,2542,30046,30046,0,0,False,False
https://openalex.org/I4210099069,Institute of Acoustics,China,1,1,10493,10493,337054,337054,1,1,True,True
https://openalex.org/I4210149704,Tianjin Academy of Environmental Sciences,China,1,1,970,970,36734,36734,0,0,False,False
https://openalex.org/I28813325,Civil Aviation University of China,China,1,1,12722,12722,239110,239110,0,0,False,False
https://openalex.org/I4210099558,Shanghai Changzheng Hospital,China,1,1,6869,6869,351268,351268,0,0,False,False
https://openalex.org/I4210117825,Beijing Research Institute of Mechanical and Electrical Technology,China,1,1,2447,2447,47662,47662,0,0,False,False
https://openalex.org/I4210163239,Helix (United States),United States,1,1,1316,1316,515599,515599,0,0,False,False
https://openalex.org/I4210161256,Impact,Canada,1,1,15515,15515,1105976,1105976,0,0,False,False
https://openalex.org/I4210153872,Jiangsu Maritime Institute,China,1,1,1906,1906,8956,8956,0,0,False,False
https://openalex.org/I102345215,Xihua University,China,1,1,16634,16634,383107,383107,0,0,False,False
https://openalex.org/I4210111829,Institute of Chemical Industry of Forest Products,China,1,1,3888,3888,344160,344160,0,2,True,False
https://openalex.org/I126924076,Chongqing Normal University,China,1,1,15475,15475,331612,331612,0,0,False,False
https://openalex.org/I3125743391,China University of Geosciences (Beijing),China,1,1,46839,46839,2481256,2481256,0,0,False,False
https://openalex.org/I4210103346,Nanfang Hospital,China,1,1,29781,29781,2144901,2144901,0,0,False,False
https://openalex.org/I4210145393,Hainan Agricultural School,China,1,1,2942,2942,29040,29040,0,0,False,False
https://openalex.org/I4210135985,Shanghai University of Medicine and Health Sciences,China,1,1,6961,6961,183391,183391,0,0,False,False
https://openalex.org/I4210128902,Structural Integrity Associates (United States),United States,1,1,1003,1003,8273,8273,0,0,False,False
https://openalex.org/I4210100868,Second Affiliated Hospital of Dalian Medical University,China,1,1,8900,8900,329820,329820,0,0,False,False
https://openalex.org/I4210087691,Beijing Tian Tan Hospital,China,1,1,15602,15602,974694,974694,0,0,False,False
https://openalex.org/I4210149647,Yunnan Metallurgical Group (China),China,1,1,1274,1274,44561,44561,1,0,False,True
https://openalex.org/I4210106541,Chengdu Organic Chemicals (China),China,1,1,3283,3283,287572,287572,0,0,False,False
https://openalex.org/I4210165564,Animal Technology Institute Taiwan,Taiwan,1,1,394,394,24274,24274,0,0,False,False
https://openalex.org/I32062511,Heriot-Watt University,United Kingdom,1,1,34059,34059,1769336,1769336,2,0,False,True
https://openalex.org/I4210162215,Naval Aeronautical and Astronautical University,China,1,1,6983,6983,55025,55025,0,0,False,False
https://openalex.org/I4210143632,Tyndall Centre,United Kingdom,1,1,3438,3438,524486,524486,0,0,False,False
https://openalex.org/I84653119,Academia Sinica,Taiwan,1,1,35917,35917,1891947,1891947,32,0,False,True
https://openalex.org/I159129438,Université du Québec à Montréal,Canada,1,1,69006,69006,2608344,2608344,1,1,True,True
https://openalex.org/I4210166763,Arconic (United States),United States,1,1,433,433,11050,11050,0,0,False,False
https://openalex.org/I2801337628,Beth Israel Deaconess Hospital,United States,1,1,9965,9965,1547523,1547523,0,0,False,False
https://openalex.org/I4210157729,First Affiliated Hospital of Hebei Medical University,China,1,1,3834,3834,85647,85647,0,0,False,False
https://openalex.org/I4210131782,Sichuan Institute of Building Research,China,1,1,1813,1813,17550,17550,0,0,False,False
https://openalex.org/I4210166238,Hunan Provincial Maternal and Child Health Hospital,China,1,1,1473,1473,39430,39430,0,0,False,False
https://openalex.org/I181547552,Baylor College of Medicine,United States,1,1,161854,161854,26514074,26514074,2,1,True,True
https://openalex.org/I4210140680,Affiliated Hospital of Hebei University,China,1,1,4148,4148,96577,96577,0,0,False,False
https://openalex.org/I4210145583,Bioengineering Center,Russia,1,1,8043,8043,512196,512196,0,1,True,False
https://openalex.org/I4210163738,China Astronaut Research and Training Center,China,1,1,4281,4281,140444,140444,1,0,False,True
https://openalex.org/I11957088,Michigan Technological University,United States,1,1,29515,29515,1579687,1579687,0,0,False,False
https://openalex.org/I4210148235,"Department of Environment, Land, Water and Planning",Australia,1,1,759,759,40310,40310,0,1,True,False
https://openalex.org/I143593769,East China University of Science and Technology,China,1,1,69195,69195,6065779,6065779,1,0,False,True
https://openalex.org/I4210124538,Geological Institute,Russia,1,1,10496,10496,255207,255207,0,1,True,False
https://openalex.org/I4210132047,Beijing Radiation Center,China,1,1,3585,3585,327356,327356,0,0,False,False
https://openalex.org/I98834328,Wuyi University,China,1,1,8554,8554,216010,216010,0,0,False,False
https://openalex.org/I887064364,University of Amsterdam,The Netherlands,1,1,231066,231066,24660540,24660540,6,0,False,True
https://openalex.org/I146071755,Kunming University,China,1,1,10233,10233,261939,261939,0,0,False,False
https://openalex.org/I4210092099,Daping Hospital,China,1,1,10748,10748,851708,851708,0,0,False,False
https://openalex.org/I111277659,Chonnam National University,South Korea,1,1,47262,47262,3448343,3448343,1,0,False,True
https://openalex.org/I24456540,Korea Aerospace University,South Korea,1,1,5105,5105,134043,134043,0,0,False,False
https://openalex.org/I141962983,Shanghai University of Engineering Science,China,1,1,25866,25866,801940,801940,0,0,False,False
https://openalex.org/I27837315,University of Michigan,United States,1,1,969465,969465,63912739,63912739,9,0,False,True
https://openalex.org/I4210158342,Intel (United Kingdom),United Kingdom,1,1,5265,5265,308358,308358,0,1,True,False
https://openalex.org/I4210131771,Jiangsu Provincial Institute of Geological Survey,China,1,1,1103,1103,23396,23396,0,0,False,False
https://openalex.org/I4210154361,Shanghai Jian Qiao University,China,1,1,4321,4321,23159,23159,0,0,False,False
https://openalex.org/I4210117164,Luoyang Normal University,China,1,1,7625,7625,252232,252232,0,0,False,False
https://openalex.org/I177739611,Yangtze University,China,1,1,29499,29499,756514,756514,1,0,False,True
https://openalex.org/I4210134428,Chinese People's Armed Police Force Engineering University,China,1,1,2319,2319,25157,25157,0,0,False,False
https://openalex.org/I189196454,The University of Texas at Arlington,United States,1,1,48998,48998,3825433,3825433,0,1,True,False
https://openalex.org/I4210146584,Henan Forestry Vocational College,China,1,1,3125,3125,12543,12543,0,0,False,False
https://openalex.org/I142108993,Southwest University,China,1,1,79390,79390,4523343,4523343,1,0,False,True
https://openalex.org/I4210141689,Yancheng Teachers University,China,1,1,6670,6670,155230,155230,0,0,False,False
https://openalex.org/I115592961,Jiangsu University,China,1,1,93962,93962,6790640,6790640,0,0,False,False
https://openalex.org/I184843921,Hebei University of Technology,China,1,1,39466,39466,1735323,1735323,0,0,False,False
https://openalex.org/I4210155232,Fiberhome Technology Group (China),China,1,1,2051,2051,26260,26260,2,0,False,True
https://openalex.org/I4210115239,First Affiliated Hospital of Shantou University Medical College,China,1,1,4465,4465,168176,168176,0,0,False,False
https://openalex.org/I4210160531,Chinese People's Liberation Army,China,1,1,13972,13972,609863,609863,4,0,False,True
https://openalex.org/I114017466,University of Technology Sydney,Australia,1,1,95992,95992,5143613,5143613,0,0,False,False
https://openalex.org/I4210099466,General Hospital of Guangzhou Military Command,China,1,1,5071,5071,175031,175031,0,0,False,False
https://openalex.org/I37574244,Sichuan Agricultural University,China,1,1,38489,38489,3457620,3457620,0,0,False,False
https://openalex.org/I4210161087,Hebei University of Architecture,China,1,1,1796,1796,17611,17611,0,0,False,False
https://openalex.org/I139024713,Guangdong University of Technology,China,1,1,56570,56570,3027960,3027960,0,0,False,False
https://openalex.org/I189210763,Yunnan University,China,1,1,53219,53219,1974619,1974619,1,0,False,True
https://openalex.org/I308837,Suzhou University of Science and Technology,China,1,1,23247,23247,764211,764211,0,0,False,False
https://openalex.org/I161346416,Jimei University,China,1,1,17127,17127,454111,454111,0,0,False,False
https://openalex.org/I4210137389,Eastern Hepatobiliary Surgery Hospital,China,1,1,7054,7054,874892,874892,0,0,False,False
https://openalex.org/I4210137217,"Women's Hospital, School of Medicine, Zhejiang University",China,1,1,5908,5908,360967,360967,0,0,False,False
https://openalex.org/I4210121678,Block Engineering (United States),United States,1,1,910,910,15150,15150,0,0,False,False
https://openalex.org/I4210133467,Xi'an Aeronautical University,China,1,1,5807,5807,42733,42733,0,0,False,False
https://openalex.org/I4210127624,Shougang Institute of Technology,China,1,1,1127,1127,15460,15460,0,0,False,False
https://openalex.org/I4210151662,Zhanjiang Experimental Station,China,1,1,3465,3465,254596,254596,0,3,True,False
https://openalex.org/I91807558,National Cheng Kung University,Taiwan,1,1,97230,97230,5250758,5250758,0,0,False,False
https://openalex.org/I83019370,Eindhoven University of Technology,The Netherlands,1,1,94657,94657,6483267,6483267,0,0,False,False
https://openalex.org/I4210090744,Guangzhou Marine Geological Survey,China,1,1,3211,3211,116709,116709,0,1,True,False
https://openalex.org/I186143895,Lehigh University,United States,1,1,42130,42130,2200789,2200789,0,0,False,False
https://openalex.org/I16285277,William & Mary,United States,1,1,36065,36065,2027965,2027965,0,0,False,False
https://openalex.org/I4210105806,Zhongda Hospital Southeast University,China,1,1,13411,13411,718323,718323,0,0,False,False
https://openalex.org/I32971472,Yale University,United States,1,1,402553,402553,49679491,49679491,5,0,False,True
https://openalex.org/I4843557,Budker Institute of Nuclear Physics,Russia,1,1,12771,12771,3517994,3517994,0,2,True,False
https://openalex.org/I4210152159,CAO Group (United States),United States,1,1,3051,3051,15880,15880,0,0,False,False
https://openalex.org/I4210110458,Institute of Electronics,China,1,1,11085,11085,331333,331333,1,1,True,True
https://openalex.org/I133868755,Shanghai Medical College of Fudan University,China,1,1,24374,24374,2660160,2660160,0,1,True,False
https://openalex.org/I4210101301,Northeast Institute of Geography and Agroecology,China,1,1,9874,9874,654604,654604,1,1,True,True
https://openalex.org/I126744593,"University of Maryland, Baltimore",United States,1,1,126064,126064,15302068,15302068,1,1,True,True
https://openalex.org/I141301092,China Meteorological Administration,China,1,1,20788,20788,999843,999843,7,0,False,True
https://openalex.org/I2801908541,Huygens Institute for History and Culture of the Netherlands,Netherlands,1,1,3132,3132,148435,148435,0,1,True,False
https://openalex.org/I4210109357,Radboud Institute for Molecular Life Sciences,The Netherlands,1,1,13302,13302,1345467,1345467,0,1,True,False
https://openalex.org/I4210121984,Shengli Oilfield Central Hospital,China,1,1,4255,4255,49836,49836,0,0,False,False
https://openalex.org/I4210118317,81th Hospital of PLA,China,1,1,2875,2875,108074,108074,0,0,False,False
https://openalex.org/I4210163417,Institute of Hydroecology,China,1,1,1958,1958,38092,38092,0,1,True,False
https://openalex.org/I1304196042,Loyola University Medical Center,United States,1,1,18393,18393,1236763,1236763,0,1,True,False
https://openalex.org/I4210153856,Second Xiangya Hospital of Central South University,China,1,1,28934,28934,1975856,1975856,0,0,False,False
https://openalex.org/I39422238,University of Illinois Chicago,United States,1,1,191738,191738,16339694,16339694,3,1,True,True
https://openalex.org/I24571045,University of North Dakota,United States,1,1,24463,24463,1166103,1166103,2,0,False,True
https://openalex.org/I4210120223,Fuzhou General Hospital of Nanjing Military Command,China,1,1,3139,3139,73086,73086,0,0,False,False
https://openalex.org/I4210113039,Fifth Affiliated Hospital of Sun Yat-sen University,China,1,1,5747,5747,419541,419541,0,0,False,False
https://openalex.org/I1325784139,Yahoo (United Kingdom),United Kingdom,1,1,23404,23404,517521,517521,0,1,True,False
https://openalex.org/I108160477,Hebei Agricultural University,China,1,1,20152,20152,736980,736980,0,0,False,False
https://openalex.org/I4210113848,Department of Land Resource Management,Australia,1,1,1000,1000,8911,8911,0,1,True,False
https://openalex.org/I922474255,Tokushima University,Japan,1,1,47157,47157,3043548,3043548,0,0,False,False
https://openalex.org/I94357780,Zhongkai University of Agriculture and Engineering,China,1,1,9375,9375,290219,290219,0,0,False,False
https://openalex.org/I58610484,Seattle University,United States,1,1,55081,55081,7985630,7985630,0,0,False,False
https://openalex.org/I4210127634,Shanghai Institute of Planned Parenthood Research,China,1,1,1639,1639,149831,149831,0,0,False,False
